step,time,dt,theta_min,theta_max,mass,E_CH,dE_CH_dt,ch_iterations,ch_residual,ch_time,phi_min,phi_max,H_max,M_max,E_mag,mu_min,mu_max,poisson_iterations,poisson_residual,poisson_time,ux_min,ux_max,uy_min,uy_max,U_max,E_kin,divU_L2,divU_Linf,CFL,p_min,p_max,F_cap_max,F_mag_max,F_grav_max,ns_time,E_internal,E_total,dE_internal_dt,dE_total_dt,interface_y_min,interface_y_max,interface_y_mean
0,5.000000e-04,5.000000e-04,-1.000000e+00,1.000000e+00,-2.000000e-01,9.428638e-01,0.000000e+00,0,0.000000e+00,0.000000e+00,0.000000e+00,0.000000e+00,0.000000e+00,0.000000e+00,0.000000e+00,1.000000e+00,1.500000e+00,0,0.000000e+00,0.000000e+00,-8.704705e-08,8.704703e-08,-6.486691e-07,9.983690e-07,8.760502e-07,1.728327e-15,4.120249e-05,5.689994e-04,4.955688e-08,-2.561966e-02,1.702599e-03,0.000000e+00,0.000000e+00,0.000000e+00,0.000000e+00,9.428638e-01,9.428638e-01,0.000000e+00,0.000000e+00,0.000000e+00,0.000000e+00,0.000000e+00
1,1.000000e-03,5.000000e-04,-1.000000e+00,1.000000e+00,-2.000000e-01,9.428638e-01,-2.810739e-06,0,0.000000e+00,0.000000e+00,-2.186495e-02,5.338441e-04,4.177786e-02,1.552315e-02,4.492559e-04,1.000000e+00,1.500000e+00,0,0.000000e+00,0.000000e+00,-2.361574e-08,2.361597e-08,-2.569793e-07,1.927445e-07,2.259577e-07,1.187265e-16,1.166676e-05,1.560336e-04,1.278210e-08,-1.916568e-02,1.875249e-03,0.000000e+00,0.000000e+00,0.000000e+00,0.000000e+00,9.428638e-01,9.433131e-01,-2.810742e-06,8.985091e-01,0.000000e+00,0.000000e+00,0.000000e+00
2,1.500000e-03,5.000000e-04,-1.000000e+00,1.000000e+00,-2.000000e-01,9.428638e-01,-1.123449e-06,0,0.000000e+00,0.000000e+00,-4.299437e-02,1.027227e-03,8.370155e-02,2.919819e-02,1.728913e-03,1.000000e+00,1.500000e+00,0,0.000000e+00,0.000000e+00,-2.042162e-08,2.510479e-08,-1.756650e-07,1.239411e-07,1.421496e-07,6.335793e-17,6.989813e-06,9.284355e-05,8.041198e-09,-1.767400e-02,2.049215e-03,0.000000e+00,0.000000e+00,0.000000e+00,0.000000e+00,9.428638e-01,9.445927e-01,-1.123449e-06,2.559314e+00,0.000000e+00,0.000000e+00,0.000000e+00
3,2.000000e-03,5.000000e-04,-1.000000e+00,1.000000e+00,-2.000000e-01,9.428638e-01,-6.681855e-07,0,0.000000e+00,0.000000e+00,-6.421586e-02,1.525339e-03,1.256176e-01,4.318522e-02,3.853286e-03,1.000000e+00,1.500000e+00,0,0.000000e+00,0.000000e+00,-5.143335e-08,6.142249e-08,-1.716720e-07,3.005776e-07,2.628518e-07,2.209833e-16,8.161267e-06,1.407863e-04,1.486914e-08,-1.607445e-02,2.296598e-03,0.000000e+00,0.000000e+00,0.000000e+00,0.000000e+00,9.428638e-01,9.467171e-01,-6.681853e-07,4.248744e+00,0.000000e+00,0.000000e+00,0.000000e+00
4,2.500000e-03,5.000000e-04,-1.000000e+00,1.000000e+00,-2.000000e-01,9.428638e-01,-4.692953e-07,0,0.000000e+00,0.000000e+00,-8.542584e-02,2.022865e-03,1.675345e-01,5.714707e-02,6.816007e-03,1.000000e+00,1.500000e+00,0,0.000000e+00,0.000000e+00,-9.970634e-08,1.139840e-07,-2.146216e-07,5.594910e-07,4.769727e-07,8.051957e-16,1.325365e-05,2.446095e-04,2.698165e-08,-1.536579e-02,2.653795e-03,0.000000e+00,0.000000e+00,0.000000e+00,0.000000e+00,9.428638e-01,9.496798e-01,-4.692942e-07,5.925441e+00,0.000000e+00,0.000000e+00,0.000000e+00
5,3.000000e-03,5.000000e-04,-1.000000e+00,1.000000e+00,-2.000000e-01,9.428638e-01,-3.571630e-07,0,0.000000e+00,0.000000e+00,-1.066373e-01,2.520463e-03,2.094512e-01,7.111208e-02,1.061842e-02,1.000000e+00,1.500000e+00,0,0.000000e+00,0.000000e+00,-1.669725e-07,1.826044e-07,-2.928177e-07,9.013504e-07,7.630287e-07,2.287100e-15,2.072524e-05,3.823897e-04,4.316342e-08,-1.553891e-02,3.122856e-03,0.000000e+00,0.000000e+00,0.000000e+00,0.000000e+00,9.428638e-01,9.534822e-01,-3.571599e-07,7.604822e+00,0.000000e+00,0.000000e+00,0.000000e+00
6,3.500000e-03,5.000000e-04,-1.000000e+00,1.000000e+00,-2.000000e-01,9.428638e-01,-2.844314e-07,0,0.000000e+00,0.000000e+00,-1.278485e-01,3.018053e-03,2.513679e-01,8.507669e-02,1.526028e-02,1.000000e+00,1.500000e+00,0,0.000000e+00,0.000000e+00,-2.544853e-07,2.673110e-07,-4.019483e-07,1.327659e-06,1.121373e-06,5.397204e-15,3.014869e-05,5.534490e-04,6.343442e-08,-1.594356e-02,3.712507e-03,0.000000e+00,0.000000e+00,0.000000e+00,0.000000e+00,9.428638e-01,9.581241e-01,-2.844252e-07,9.283730e+00,0.000000e+00,0.000000e+00,0.000000e+00
7,4.000000e-03,5.000000e-04,-1.000000e+00,1.000000e+00,-2.000000e-01,9.428638e-01,-2.334737e-07,0,0.000000e+00,0.000000e+00,-1.490598e-01,3.515644e-03,2.932847e-01,9.904136e-02,2.074164e-02,1.000000e+00,1.500000e+00,0,0.000000e+00,0.000000e+00,-3.631626e-07,3.680940e-07,-5.404025e-07,1.838501e-06,1.552337e-06,1.115376e-14,4.142131e-05,7.574451e-04,8.781344e-08,-1.664674e-02,4.421433e-03,0.000000e+00,0.000000e+00,0.000000e+00,0.000000e+00,9.428638e-01,9.636055e-01,-2.334624e-07,1.096271e+01,0.000000e+00,0.000000e+00,0.000000e+00
8,4.500000e-03,5.000000e-04,-1.000000e+00,1.000000e+00,-2.000000e-01,9.428638e-01,-1.951752e-07,0,0.000000e+00,0.000000e+00,-1.702710e-01,4.013234e-03,3.352014e-01,1.130060e-01,2.706248e-02,1.000000e+00,1.500000e+00,0,0.000000e+00,0.000000e+00,-4.939921e-07,4.989787e-07,-7.076666e-07,2.434247e-06,2.056683e-06,2.088807e-14,5.451376e-05,9.942130e-04,1.163435e-07,-1.766673e-02,5.253274e-03,0.000000e+00,0.000000e+00,0.000000e+00,0.000000e+00,9.428638e-01,9.699263e-01,-1.951557e-07,1.264169e+01,0.000000e+00,0.000000e+00,0.000000e+00
9,5.000000e-03,5.000000e-04,-1.000000e+00,1.000000e+00,-2.000000e-01,9.428638e-01,-1.660718e-07,0,0.000000e+00,0.000000e+00,-1.914823e-01,4.510825e-03,3.771182e-01,1.269707e-01,3.422281e-02,1.000000e+00,1.500000e+00,0,0.000000e+00,0.000000e+00,-6.473865e-07,6.538881e-07,-9.036768e-07,3.116625e-06,2.634141e-06,3.626441e-14,6.941582e-05,1.263662e-03,1.490095e-07,-1.900444e-02,6.205456e-03,0.000000e+00,0.000000e+00,0.000000e+00,0.000000e+00,9.428638e-01,9.770866e-01,-1.660410e-07,1.432066e+01,0.000000e+00,0.000000e+00,0.000000e+00
10,5.500000e-03,5.000000e-04,-1.000000e+00,1.000000e+00,-2.000000e-01,9.428638e-01,-1.433453e-07,0,0.000000e+00,0.000000e+00,-2.126935e-01,5.008416e-03,4.190349e-01,1.409353e-01,4.222263e-02,1.000000e+00,1.500000e+00,0,0.000000e+00,0.000000e+00,-8.239435e-07,8.322278e-07,-1.128550e-06,3.884867e-06,3.285907e-06,5.929534e-14,8.612340e-05,1.565738e-03,1.858790e-07,-2.065477e-02,7.278254e-03,0.000000e+00,0.000000e+00,0.000000e+00,0.000000e+00,9.428638e-01,9.850864e-01,-1.432994e-07,1.599964e+01,0.000000e+00,0.000000e+00,0.000000e+00
11,6.000000e-03,5.000000e-04,-1.000000e+00,1.000000e+00,-2.000000e-01,9.428638e-01,-1.244633e-07,0,0.000000e+00,0.000000e+00,-2.339048e-01,5.506006e-03,4.609517e-01,1.549000e-01,5.106194e-02,1.000000e+00,1.500000e+00,0,0.000000e+00,0.000000e+00,-1.024175e-06,1.034279e-06,-1.382510e-06,4.739068e-06,4.011363e-06,9.235363e-14,1.046347e-04,1.900410e-03,2.269169e-07,-2.281021e-02,8.471399e-03,0.000000e+00,0.000000e+00,0.000000e+00,0.000000e+00,9.428638e-01,9.939257e-01,-1.243972e-07,1.767861e+01,0.000000e+00,0.000000e+00,0.000000e+00
12,6.500000e-03,5.000000e-04,-1.000000e+00,1.000000e+00,-2.000000e-01,9.428638e-01,-1.092895e-07,0,0.000000e+00,0.000000e+00,-2.551161e-01,6.003597e-03,5.028684e-01,1.688647e-01,6.074073e-02,1.000000e+00,1.500000e+00,0,0.000000e+00,0.000000e+00,-1.247808e-06,1.259914e-06,-1.665780e-06,5.679334e-06,4.810574e-06,1.381813e-13,1.249487e-04,2.267654e-03,2.721272e-07,-2.592230e-02,9.786366e-03,0.000000e+00,0.000000e+00,0.000000e+00,0.000000e+00,9.428638e-01,1.003605e+00,-1.091978e-07,1.935758e+01,0.000000e+00,0.000000e+00,0.000000e+00
13,7.000000e-03,5.000000e-04,-1.000000e+00,1.000000e+00,-2.000000e-01,9.428638e-01,-9.681989e-08,0,0.000000e+00,0.000000e+00,-2.763273e-01,6.501187e-03,5.447852e-01,1.828293e-01,7.125901e-02,1.000000e+00,1.500000e+00,0,0.000000e+00,0.000000e+00,-1.495724e-06,1.510335e-06,-1.978617e-06,6.705736e-06,5.684157e-06,1.998964e-13,1.470651e-04,2.667458e-03,3.215445e-07,-2.938560e-02,1.122148e-02,0.000000e+00,0.000000e+00,0.000000e+00,0.000000e+00,9.428638e-01,1.014123e+00,-9.669643e-08,2.103656e+01,0.000000e+00,0.000000e+00,0.000000e+00
14,7.500000e-03,5.000000e-04,-1.000000e+00,1.000000e+00,-2.000000e-01,9.428638e-01,-8.615619e-08,0,0.000000e+00,0.000000e+00,-2.975386e-01,6.998778e-03,5.867019e-01,1.967940e-01,8.261677e-02,1.000000e+00,1.500000e+00,0,0.000000e+00,0.000000e+00,-1.767876e-06,1.784901e-06,-2.321238e-06,7.819865e-06,6.632074e-06,2.809986e-13,1.709836e-04,3.099810e-03,3.751668e-07,-3.319312e-02,1.277613e-02,0.000000e+00,0.000000e+00,0.000000e+00,0.000000e+00,9.428638e-01,1.025481e+00,-8.599410e-08,2.271553e+01,0.000000e+00,0.000000e+00,0.000000e+00
15,8.000000e-03,5.000000e-04,-1.000000e+00,1.000000e+00,-2.000000e-01,9.428638e-01,-7.677436e-08,0,0.000000e+00,0.000000e+00,-3.187498e-01,7.496369e-03,6.286187e-01,2.107586e-01,9.481403e-02,1.000000e+00,1.500000e+00,0,0.000000e+00,0.000000e+00,-2.064058e-06,2.083679e-06,-2.693858e-06,9.020734e-06,7.654056e-06,3.853730e-13,1.967039e-04,3.564702e-03,4.329788e-07,-3.733934e-02,1.444990e-02,0.000000e+00,0.000000e+00,0.000000e+00,0.000000e+00,9.428638e-01,1.037678e+00,-7.656564e-08,2.439451e+01,0.000000e+00,0.000000e+00,0.000000e+00
16,8.500000e-03,5.000000e-04,-1.000000e+00,1.000000e+00,-2.000000e-01,9.428638e-01,-6.911982e-08,0,0.000000e+00,0.000000e+00,-3.399611e-01,7.993959e-03,6.705354e-01,2.247233e-01,1.078508e-01,1.000000e+00,1.500000e+00,0,0.000000e+00,0.000000e+00,-2.384882e-06,2.407265e-06,-3.096704e-06,1.030816e-05,8.750121e-06,5.172930e-13,2.242261e-04,4.062130e-03,4.949816e-07,-4.181988e-02,1.709108e-02,0.000000e+00,0.000000e+00,0.000000e+00,0.000000e+00,9.428638e-01,1.050715e+00,-6.885603e-08,2.607348e+01,0.000000e+00,0.000000e+00,0.000000e+00
17,9.000000e-03,5.000000e-04,-1.000000e+00,1.000000e+00,-2.000000e-01,9.428638e-01,-6.276468e-08,0,0.000000e+00,0.000000e+00,-3.611724e-01,8.491550e-03,7.124521e-01,2.386880e-01,1.217270e-01,1.000000e+00,1.500000e+00,0,0.000000e+00,0.000000e+00,-2.730503e-06,2.755824e-06,-3.529954e-06,1.168215e-05,9.920555e-06,6.814227e-13,2.535500e-04,4.592089e-03,5.611914e-07,-4.663119e-02,1.997266e-02,0.000000e+00,0.000000e+00,0.000000e+00,0.000000e+00,9.428638e-01,1.064591e+00,-6.243628e-08,2.775245e+01,0.000000e+00,0.000000e+00,0.000000e+00
18,9.500000e-03,5.000000e-04,-1.000000e+00,1.000000e+00,-2.000000e-01,9.428638e-01,-5.695866e-08,0,0.000000e+00,0.000000e+00,-3.823836e-01,8.989141e-03,7.543689e-01,2.526526e-01,1.364427e-01,1.000000e+00,1.500000e+00,0,0.000000e+00,0.000000e+00,-3.100533e-06,3.128999e-06,-3.993775e-06,1.314271e-05,1.116537e-05,8.828184e-13,2.846756e-04,5.154576e-03,6.316084e-07,-5.177033e-02,2.299822e-02,0.000000e+00,0.000000e+00,0.000000e+00,0.000000e+00,9.428638e-01,1.079307e+00,-5.655587e-08,2.943143e+01,0.000000e+00,0.000000e+00,0.000000e+00
19,1.000000e-02,5.000000e-04,-1.000000e+00,1.000000e+00,-2.000000e-01,9.428638e-01,-5.144285e-08,0,0.000000e+00,0.000000e+00,-4.035949e-01,9.486731e-03,7.962856e-01,2.666173e-01,1.519979e-01,1.000000e+00,1.500000e+00,0,0.000000e+00,0.000000e+00,-3.495011e-06,3.526805e-06,-4.488307e-06,1.468984e-05,1.248433e-05,1.126930e-12,3.176030e-04,5.749588e-03,7.062206e-07,-5.723489e-02,2.617017e-02,0.000000e+00,0.000000e+00,0.000000e+00,0.000000e+00,9.428638e-01,1.094862e+00,-5.095480e-08,3.111040e+01,0.000000e+00,0.000000e+00,0.000000e+00
20,1.050000e-02,5.000000e-04,-1.000000e+00,1.000000e+00,-2.000000e-01,9.428638e-01,-4.734857e-08,0,0.000000e+00,0.000000e+00,-4.248061e-01,9.984322e-03,8.382024e-01,2.805819e-01,1.683926e-01,1.000000e+00,1.500000e+00,0,0.000000e+00,0.000000e+00,-3.914507e-06,3.950164e-06,-5.013723e-06,1.632353e-05,1.387746e-05,1.419600e-12,3.523319e-04,6.377123e-03,7.850275e-07,-6.302283e-02,2.949054e-02,0.000000e+00,0.000000e+00,0.000000e+00,0.000000e+00,9.428638e-01,1.111256e+00,-4.676304e-08,3.278938e+01,0.000000e+00,0.000000e+00,0.000000e+00
21,1.100000e-02,5.000000e-04,-1.000000e+00,1.000000e+00,-2.000000e-01,9.428638e-01,-4.316747e-08,0,0.000000e+00,0.000000e+00,-4.460174e-01,1.048191e-02,8.801191e-01,2.945466e-01,1.856268e-01,1.000000e+00,1.500000e+00,0,0.000000e+00,0.000000e+00,-4.359337e-06,4.398722e-06,-5.570095e-06,1.804378e-05,1.534472e-05,1.767068e-12,3.888625e-04,7.037180e-03,8.680283e-07,-6.913243e-02,3.296103e-02,0.000000e+00,0.000000e+00,0.000000e+00,0.000000e+00,9.428638e-01,1.128491e+00,-4.247269e-08,3.446835e+01,0.000000e+00,0.000000e+00,0.000000e+00
22,1.150000e-02,5.000000e-04,-1.000000e+00,1.000000e+00,-2.000000e-01,9.428638e-01,-3.984968e-08,0,0.000000e+00,0.000000e+00,-4.672287e-01,1.097950e-02,9.220359e-01,3.085113e-01,2.037004e-01,1.000000e+00,1.500000e+00,0,0.000000e+00,0.000000e+00,-4.828851e-06,4.872150e-06,-6.157529e-06,1.985056e-05,1.688642e-05,2.175965e-12,4.271948e-04,7.729757e-03,9.552404e-07,-7.556222e-02,3.658309e-02,0.000000e+00,0.000000e+00,0.000000e+00,0.000000e+00,9.428638e-01,1.146564e+00,-3.903189e-08,3.614732e+01,0.000000e+00,0.000000e+00,0.000000e+00
23,1.200000e-02,5.000000e-04,-1.000000e+00,1.000000e+00,-2.000000e-01,9.428638e-01,-3.657252e-08,0,0.000000e+00,0.000000e+00,-4.884399e-01,1.147709e-02,9.639526e-01,3.224759e-01,2.226136e-01,1.000000e+00,1.500000e+00,0,0.000000e+00,0.000000e+00,-5.323059e-06,5.370457e-06,-6.776048e-06,2.174388e-05,1.850294e-05,2.653320e-12,4.673287e-04,8.454852e-03,1.046684e-06,-8.231095e-02,4.035797e-02,0.000000e+00,0.000000e+00,0.000000e+00,0.000000e+00,9.428638e-01,1.165477e+00,-3.561773e-08,3.782630e+01,0.000000e+00,0.000000e+00,0.000000e+00
24,1.250000e-02,5.000000e-04,-1.000000e+00,1.000000e+00,-2.000000e-01,9.428638e-01,-3.382339e-08,0,0.000000e+00,0.000000e+00,-5.096512e-01,1.197468e-02,1.005869e+00,3.364406e-01,2.423662e-01,1.000000e+00,1.500000e+00,0,0.000000e+00,0.000000e+00,-5.841968e-06,5.893651e-06,-7.425581e-06,2.372371e-05,2.019363e-05,3.206552e-12,5.092642e-04,9.212466e-03,1.142324e-06,-8.937752e-02,4.428675e-02,0.000000e+00,0.000000e+00,0.000000e+00,0.000000e+00,9.428638e-01,1.185230e+00,-3.271694e-08,3.950527e+01,0.000000e+00,0.000000e+00,0.000000e+00
25,1.300000e-02,5.000000e-04,-1.000000e+00,1.000000e+00,-2.000000e-01,9.428638e-01,-3.153255e-08,0,0.000000e+00,0.000000e+00,-5.308624e-01,1.247227e-02,1.047786e+00,3.504052e-01,2.629583e-01,1.000000e+00,1.500000e+00,0,0.000000e+00,0.000000e+00,-6.385581e-06,6.441735e-06,-8.106087e-06,2.579003e-05,2.195848e-05,3.843477e-12,5.530014e-04,1.000260e-02,1.242159e-06,-9.676100e-02,4.837036e-02,0.000000e+00,0.000000e+00,0.000000e+00,0.000000e+00,9.428638e-01,1.205822e+00,-3.025868e-08,4.118425e+01,0.000000e+00,0.000000e+00,0.000000e+00
26,1.350000e-02,5.000000e-04,-1.000000e+00,1.000000e+00,-2.000000e-01,9.428638e-01,-2.911960e-08,0,0.000000e+00,0.000000e+00,-5.520737e-01,1.296987e-02,1.089703e+00,3.643699e-01,2.843900e-01,1.000000e+00,1.500000e+00,0,0.000000e+00,0.000000e+00,-6.953898e-06,7.014708e-06,-8.817587e-06,2.794283e-05,2.379747e-05,4.572304e-12,5.985401e-04,1.082524e-02,1.346188e-06,-1.044606e-01,5.260962e-02,0.000000e+00,0.000000e+00,0.000000e+00,0.000000e+00,9.428638e-01,1.227254e+00,-2.766187e-08,4.286322e+01,0.000000e+00,0.000000e+00,0.000000e+00
27,1.400000e-02,5.000000e-04,-1.000000e+00,1.000000e+00,-2.000000e-01,9.428638e-01,-2.694955e-08,0,0.000000e+00,0.000000e+00,-5.732849e-01,1.346746e-02,1.131620e+00,3.783345e-01,3.066611e-01,1.000000e+00,1.500000e+00,0,0.000000e+00,0.000000e+00,-7.547352e-06,7.612727e-06,-9.560068e-06,3.018209e-05,2.571057e-05,5.401635e-12,6.458805e-04,1.168041e-02,1.454409e-06,-1.124755e-01,5.700524e-02,0.000000e+00,0.000000e+00,0.000000e+00,0.000000e+00,9.428638e-01,1.249525e+00,-2.529088e-08,4.454220e+01,0.000000e+00,0.000000e+00,0.000000e+00
28,1.450000e-02,5.000000e-04,-1.000000e+00,1.000000e+00,-2.000000e-01,9.428638e-01,-2.548028e-08,0,0.000000e+00,0.000000e+00,-5.944962e-01,1.396505e-02,1.173536e+00,3.922992e-01,3.297716e-01,1.000000e+00,1.500000e+00,0,0.000000e+00,0.000000e+00,-8.165808e-06,8.236188e-06,-1.033355e-05,3.250779e-05,2.769777e-05,6.340464e-12,6.950225e-04,1.256808e-02,1.566822e-06,-1.208051e-01,6.155785e-02,0.000000e+00,0.000000e+00,0.000000e+00,0.000000e+00,9.428638e-01,1.272635e+00,-2.360268e-08,4.622117e+01,0.000000e+00,0.000000e+00,0.000000e+00
29,1.500000e-02,5.000000e-04,-1.000000e+00,1.000000e+00,-2.000000e-01,9.428638e-01,-2.339862e-08,0,0.000000e+00,0.000000e+00,-6.157075e-01,1.446264e-02,1.215453e+00,4.062639e-01,3.537217e-01,1.000000e+00,1.500000e+00,0,0.000000e+00,0.000000e+00,-8.809269e-06,8.884594e-06,-1.113806e-05,3.491992e-05,2.975903e-05,7.398176e-12,7.459661e-04,1.348828e-02,1.683425e-06,-1.294489e-01,6.626801e-02,0.000000e+00,0.000000e+00,0.000000e+00,0.000000e+00,9.428638e-01,1.296586e+00,-2.128320e-08,4.790014e+01,0.000000e+00,0.000000e+00,0.000000e+00
30,1.550000e-02,5.000000e-04,-1.000000e+00,1.000000e+00,-2.000000e-01,9.428638e-01,-2.202927e-08,0,0.000000e+00,0.000000e+00,-6.369187e-01,1.496023e-02,1.257370e+00,4.202285e-01,3.785113e-01,1.000000e+00,1.500000e+00,0,0.000000e+00,0.000000e+00,-9.477964e-06,9.558525e-06,-1.197360e-05,3.741845e-05,3.189435e-05,8.584551e-12,7.987113e-04,1.444098e-02,1.804217e-06,-1.384063e-01,7.113620e-02,0.000000e+00,0.000000e+00,0.000000e+00,0.000000e+00,9.428638e-01,1.321375e+00,-1.965650e-08,4.957912e+01,0.000000e+00,0.000000e+00,0.000000e+00
31,1.600000e-02,5.000000e-04,-1.000000e+00,1.000000e+00,-2.000000e-01,9.428638e-01,-2.078449e-08,0,0.000000e+00,0.000000e+00,-6.581300e-01,1.545782e-02,1.299287e+00,4.341932e-01,4.041403e-01,1.000000e+00,1.500000e+00,0,0.000000e+00,0.000000e+00,-1.017147e-05,1.025756e-05,-1.284020e-05,4.000439e-05,3.410369e-05,9.909756e-12,8.532581e-04,1.542620e-02,1.929196e-06,-1.476769e-01,7.616288e-02,0.000000e+00,0.000000e+00,0.000000e+00,0.000000e+00,9.428638e-01,1.347004e+00,-1.813416e-08,5.125809e+01,0.000000e+00,0.000000e+00,0.000000e+00
32,1.650000e-02,5.000000e-04,-1.000000e+00,1.000000e+00,-2.000000e-01,9.428638e-01,-1.939848e-08,0,0.000000e+00,0.000000e+00,-6.793412e-01,1.595541e-02,1.341203e+00,4.481578e-01,4.306088e-01,1.000000e+00,1.500000e+00,0,0.000000e+00,0.000000e+00,-1.088977e-05,1.098158e-05,-1.373786e-05,4.267736e-05,3.638703e-05,1.138435e-11,9.096066e-04,1.644394e-02,2.058361e-06,-1.572603e-01,8.134843e-02,0.000000e+00,0.000000e+00,0.000000e+00,0.000000e+00,9.428638e-01,1.373473e+00,-1.644929e-08,5.293707e+01,0.000000e+00,0.000000e+00,0.000000e+00
33,1.700000e-02,5.000000e-04,-1.000000e+00,1.000000e+00,-2.000000e-01,9.428638e-01,-1.803913e-08,0,0.000000e+00,0.000000e+00,-7.005525e-01,1.645300e-02,1.383120e+00,4.621225e-01,4.579169e-01,1.000000e+00,1.500000e+00,0,0.000000e+00,0.000000e+00,-1.163286e-05,1.173057e-05,-1.466658e-05,4.543673e-05,3.874436e-05,1.301928e-11,9.677566e-04,1.749418e-02,2.191712e-06,-1.671562e-01,8.669321e-02,0.000000e+00,0.000000e+00,0.000000e+00,0.000000e+00,9.428638e-01,1.400781e+00,-1.476930e-08,5.461604e+01,0.000000e+00,0.000000e+00,0.000000e+00
34,1.750000e-02,5.000000e-04,-1.000000e+00,1.000000e+00,-2.000000e-01,9.428638e-01,-1.722356e-08,0,0.000000e+00,0.000000e+00,-7.217638e-01,1.695059e-02,1.425037e+00,4.760872e-01,4.860644e-01,1.000000e+00,1.500000e+00,0,0.000000e+00,0.000000e+00,-1.240072e-05,1.250452e-05,-1.562638e-05,4.828249e-05,4.117564e-05,1.482587e-11,1.027708e-03,1.857694e-02,2.329246e-06,-1.773641e-01,9.219753e-02,0.000000e+00,0.000000e+00,0.000000e+00,0.000000e+00,9.428638e-01,1.428928e+00,-1.361022e-08,5.629501e+01,0.000000e+00,0.000000e+00,0.000000e+00
35,1.800000e-02,5.000000e-04,-1.000000e+00,1.000000e+00,-2.000000e-01,9.428638e-01,-1.607336e-08,0,0.000000e+00,0.000000e+00,-7.429750e-01,1.744818e-02,1.466954e+00,4.900518e-01,5.150514e-01,1.000000e+00,1.500000e+00,0,0.000000e+00,0.000000e+00,-1.319336e-05,1.330343e-05,-1.661726e-05,5.121462e-05,4.368086e-05,1.681587e-11,1.089461e-03,1.969221e-02,2.470962e-06,-1.878839e-01,9.786167e-02,0.000000e+00,0.000000e+00,0.000000e+00,0.000000e+00,9.428638e-01,1.457915e+00,-1.209344e-08,5.797399e+01,0.000000e+00,0.000000e+00,0.000000e+00
36,1.850000e-02,5.000000e-04,-1.000000e+00,1.000000e+00,-2.000000e-01,9.428638e-01,-1.518385e-08,0,0.000000e+00,0.000000e+00,-7.641863e-01,1.794577e-02,1.508870e+00,5.040165e-01,5.448778e-01,1.000000e+00,1.500000e+00,0,0.000000e+00,0.000000e+00,-1.401074e-05,1.412727e-05,-1.763922e-05,5.423309e-05,4.625999e-05,1.900137e-11,1.153016e-03,2.084000e-02,2.616860e-06,-1.987153e-01,1.036859e-01,0.000000e+00,0.000000e+00,0.000000e+00,0.000000e+00,9.428638e-01,1.487742e+00,-1.081291e-08,5.965296e+01,0.000000e+00,0.000000e+00,0.000000e+00
37,1.900000e-02,5.000000e-04,-1.000000e+00,1.000000e+00,-2.000000e-01,9.428638e-01,-1.434763e-08,0,0.000000e+00,0.000000e+00,-7.853975e-01,1.844336e-02,1.550787e+00,5.179811e-01,5.755438e-01,1.000000e+00,1.500000e+00,0,0.000000e+00,0.000000e+00,-1.485287e-05,1.497604e-05,-1.869228e-05,5.733787e-05,4.891302e-05,2.139487e-11,1.218373e-03,2.202029e-02,2.766938e-06,-2.098579e-01,1.096704e-01,0.000000e+00,0.000000e+00,0.000000e+00,0.000000e+00,9.428638e-01,1.518408e+00,-9.560575e-09,6.133194e+01,0.000000e+00,0.000000e+00,0.000000e+00
38,1.950000e-02,5.000000e-04,-1.000000e+00,1.000000e+00,-2.000000e-01,9.428638e-01,-1.364064e-08,0,0.000000e+00,0.000000e+00,-8.066088e-01,1.894095e-02,1.592704e+00,5.319458e-01,6.070493e-01,1.000000e+00,1.500000e+00,0,0.000000e+00,0.000000e+00,-1.571973e-05,1.584972e-05,-1.977642e-05,6.052895e-05,5.163991e-05,2.400927e-11,1.285531e-03,2.323310e-02,2.921195e-06,-2.213117e-01,1.158155e-01,0.000000e+00,0.000000e+00,0.000000e+00,0.000000e+00,9.428638e-01,1.549913e+00,-8.411938e-09,6.301091e+01,0.000000e+00,0.000000e+00,0.000000e+00
39,2.000000e-02,5.000000e-04,-1.000000e+00,1.000000e+00,-2.000000e-01,9.428638e-01,-1.264722e-08,0,0.000000e+00,0.000000e+00,-8.278201e-01,1.943854e-02,1.634621e+00,5.459105e-01,6.393942e-01,1.000000e+00,1.500000e+00,0,0.000000e+00,0.000000e+00,-1.661130e-05,1.674830e-05,-2.089167e-05,6.380631e-05,5.444138e-05,2.685782e-11,1.354490e-03,2.447842e-02,3.079670e-06,-2.330763e-01,1.221213e-01,0.000000e+00,0.000000e+00,0.000000e+00,0.000000e+00,9.428638e-01,1.582258e+00,-6.949996e-09,6.468988e+01,0.000000e+00,0.000000e+00,0.000000e+00
40,2.050000e-02,5.000000e-04,-1.000000e+00,1.000000e+00,-2.000000e-01,9.428638e-01,-1.198397e-08,0,0.000000e+00,0.000000e+00,-8.490313e-01,1.993613e-02,1.676537e+00,5.598751e-01,6.725786e-01,1.000000e+00,1.500000e+00,0,0.000000e+00,0.000000e+00,-1.752757e-05,1.767177e-05,-2.203801e-05,6.716992e-05,5.731690e-05,2.995419e-11,1.425252e-03,2.575624e-02,3.242333e-06,-2.451517e-01,1.285880e-01,0.000000e+00,0.000000e+00,0.000000e+00,0.000000e+00,9.428638e-01,1.615442e+00,-5.791367e-09,6.636886e+01,0.000000e+00,0.000000e+00,0.000000e+00
41,2.100000e-02,5.000000e-04,-1.000000e+00,1.000000e+00,-2.000000e-01,9.428638e-01,-1.160094e-08,0,0.000000e+00,0.000000e+00,-8.702426e-01,2.043372e-02,1.718454e+00,5.738398e-01,7.066026e-01,1.000000e+00,1.500000e+00,0,0.000000e+00,0.000000e+00,-1.846853e-05,1.862011e-05,-2.321545e-05,7.061975e-05,6.026624e-05,3.331241e-11,1.497815e-03,2.706658e-02,3.409173e-06,-2.575376e-01,1.352158e-01,0.000000e+00,0.000000e+00,0.000000e+00,0.000000e+00,9.428638e-01,1.649466e+00,-4.884537e-09,6.804783e+01,0.000000e+00,0.000000e+00,0.000000e+00
42,2.150000e-02,5.000000e-04,-1.000000e+00,1.000000e+00,-2.000000e-01,9.428638e-01,-1.098632e-08,0,0.000000e+00,0.000000e+00,-8.914538e-01,2.093132e-02,1.760371e+00,5.878044e-01,7.414660e-01,1.000000e+00,1.500000e+00,0,0.000000e+00,0.000000e+00,-1.943480e-05,1.959377e-05,-2.442400e-05,7.415579e-05,6.328937e-05,3.694690e-11,1.572179e-03,2.840943e-02,3.580187e-06,-2.702339e-01,1.420047e-01,0.000000e+00,0.000000e+00,0.000000e+00,0.000000e+00,9.428638e-01,1.684330e+00,-3.717249e-09,6.972681e+01,0.000000e+00,0.000000e+00,0.000000e+00
43,2.200000e-02,5.000000e-04,-1.000000e+00,1.000000e+00,-2.000000e-01,9.428638e-01,-1.033484e-08,0,0.000000e+00,0.000000e+00,-9.126651e-01,2.142891e-02,1.802288e+00,6.017691e-01,7.771689e-01,1.000000e+00,1.500000e+00,0,0.000000e+00,0.000000e+00,-2.042670e-05,2.059340e-05,-2.566364e-05,7.777802e-05,6.638628e-05,4.087247e-11,1.648345e-03,2.978479e-02,3.755375e-06,-2.832405e-01,1.489550e-01,0.000000e+00,0.000000e+00,0.000000e+00,0.000000e+00,9.428638e-01,1.720033e+00,-2.483569e-09,7.140578e+01,0.000000e+00,0.000000e+00,0.000000e+00
44,2.250000e-02,5.000000e-04,-1.000000e+00,1.000000e+00,-2.000000e-01,9.428638e-01,-9.639400e-09,0,0.000000e+00,0.000000e+00,-9.338764e-01,2.192650e-02,1.844204e+00,6.157338e-01,8.137112e-01,1.000000e+00,1.500000e+00,0,0.000000e+00,0.000000e+00,-2.144333e-05,2.161795e-05,-2.693439e-05,8.148641e-05,6.955694e-05,4.510431e-11,1.726313e-03,3.119266e-02,3.934735e-06,-2.965571e-01,1.560667e-01,0.000000e+00,0.000000e+00,0.000000e+00,0.000000e+00,9.428638e-01,1.756575e+00,-1.175726e-09,7.308475e+01,0.000000e+00,0.000000e+00,0.000000e+00
45,2.300000e-02,5.000000e-04,-1.000000e+00,1.000000e+00,-2.000000e-01,9.428638e-01,-9.197754e-09,0,0.000000e+00,0.000000e+00,-9.550876e-01,2.242409e-02,1.886121e+00,6.296984e-01,8.510931e-01,1.000000e+00,1.500000e+00,0,0.000000e+00,0.000000e+00,-2.248469e-05,2.266741e-05,-2.823623e-05,8.528094e-05,7.280133e-05,4.965799e-11,1.806082e-03,3.263303e-02,4.118265e-06,-3.101838e-01,1.633401e-01,0.000000e+00,0.000000e+00,0.000000e+00,0.000000e+00,9.428638e-01,1.793957e+00,-9.059420e-11,7.476373e+01,0.000000e+00,0.000000e+00,0.000000e+00
46,2.350000e-02,5.000000e-04,-1.000000e+00,1.000000e+00,-2.000000e-01,9.428638e-01,-8.845813e-09,0,0.000000e+00,0.000000e+00,-9.762989e-01,2.292168e-02,1.928038e+00,6.436631e-01,8.893144e-01,1.000000e+00,1.500000e+00,0,0.000000e+00,0.000000e+00,-2.355075e-05,2.374177e-05,-2.956918e-05,8.916160e-05,7.611943e-05,5.454946e-11,1.887653e-03,3.410592e-02,4.305965e-06,-3.241204e-01,1.707751e-01,0.000000e+00,0.000000e+00,0.000000e+00,0.000000e+00,9.428638e-01,1.832178e+00,9.372503e-10,7.644270e+01,0.000000e+00,0.000000e+00,0.000000e+00
47,2.400000e-02,5.000000e-04,-1.000001e+00,1.000001e+00,-2.000000e-01,9.428638e-01,-8.495649e-09,0,0.000000e+00,0.000000e+00,-9.975101e-01,2.341927e-02,1.969954e+00,6.576277e-01,9.283753e-01,1.000000e+00,1.500000e+00,0,0.000000e+00,0.000000e+00,-2.464151e-05,2.484101e-05,-3.093324e-05,9.312836e-05,7.951122e-05,5.979505e-11,1.971025e-03,3.561131e-02,4.497834e-06,-3.383668e-01,1.783718e-01,0.000000e+00,0.000000e+00,0.000000e+00,0.000000e+00,9.428638e-01,1.871239e+00,1.995515e-09,7.812168e+01,0.000000e+00,0.000000e+00,0.000000e+00
48,2.450000e-02,5.000000e-04,-1.000001e+00,1.000001e+00,-2.000000e-01,9.428638e-01,-8.117729e-09,0,0.000000e+00,0.000000e+00,-1.018721e+00,2.391686e-02,2.011871e+00,6.715924e-01,9.682756e-01,1.000000e+00,1.500000e+00,0,0.000000e+00,0.000000e+00,-2.575695e-05,2.596511e-05,-3.232839e-05,9.718121e-05,8.297667e-05,6.541147e-11,2.056199e-03,3.714921e-02,4.693869e-06,-3.529229e-01,1.861305e-01,0.000000e+00,0.000000e+00,0.000000e+00,0.000000e+00,9.428638e-01,1.911139e+00,3.115064e-09,7.980065e+01,0.000000e+00,0.000000e+00,0.000000e+00
49,2.500000e-02,5.000000e-04,-1.000001e+00,1.000001e+00,-2.000000e-01,9.428638e-01,-7.579715e-09,0,0.000000e+00,0.000000e+00,-1.039933e+00,2.441445e-02,2.053788e+00,6.855571e-01,1.009015e+00,1.000000e+00,1.500000e+00,0,0.000000e+00,0.000000e+00,-2.689706e-05,2.711406e-05,-3.375465e-05,1.013201e-04,8.651576e-05,7.141581e-11,2.143175e-03,3.871962e-02,4.894071e-06,-3.677886e-01,1.940510e-01,0.000000e+00,0.000000e+00,0.000000e+00,0.000000e+00,9.428638e-01,1.951879e+00,4.428902e-09,8.147963e+01,0.000000e+00,0.000000e+00,0.000000e+00
50,2.550000e-02,5.000000e-04,-1.000001e+00,1.000001e+00,-2.000000e-01,9.428638e-01,-7.313039e-09,0,0.000000e+00,0.000000e+00,-1.061144e+00,2.491204e-02,2.095705e+00,6.995217e-01,1.050595e+00,1.000000e+00,1.500000e+00,0,0.000000e+00,0.000000e+00,-2.806182e-05,2.828786e-05,-3.521201e-05,1.055451e-04,9.012848e-05,7.782554e-11,2.231952e-03,4.032254e-02,5.098437e-06,-3.829639e-01,2.021336e-01,0.000000e+00,0.000000e+00,0.000000e+00,0.000000e+00,9.428638e-01,1.993459e+00,5.506484e-09,8.315860e+01,0.000000e+00,0.000000e+00,0.000000e+00
51,2.600000e-02,5.000000e-04,-1.000001e+00,1.000001e+00,-2.000000e-01,9.428638e-01,-6.872058e-09,0,0.000000e+00,0.000000e+00,-1.082355e+00,2.540963e-02,2.137621e+00,7.134864e-01,1.093014e+00,1.000000e+00,1.500000e+00,0,0.000000e+00,0.000000e+00,-2.925123e-05,2.948648e-05,-3.670047e-05,1.098560e-04,9.381480e-05,8.465852e-11,2.322531e-03,4.195796e-02,5.306967e-06,-3.984486e-01,2.103783e-01,0.000000e+00,0.000000e+00,0.000000e+00,0.000000e+00,9.428638e-01,2.035877e+00,6.793899e-09,8.483757e+01,0.000000e+00,0.000000e+00,0.000000e+00
52,2.650000e-02,5.000000e-04,-1.000001e+00,1.000001e+00,-2.000000e-01,9.428638e-01,-6.647349e-09,0,0.000000e+00,0.000000e+00,-1.103566e+00,2.590722e-02,2.179538e+00,7.274510e-01,1.136272e+00,1.000000e+00,1.500000e+00,0,0.000000e+00,0.000000e+00,-3.046526e-05,3.070991e-05,-3.822003e-05,1.142530e-04,9.757471e-05,9.193298e-11,2.414912e-03,4.362589e-02,5.519659e-06,-4.142427e-01,2.187851e-01,0.000000e+00,0.000000e+00,0.000000e+00,0.000000e+00,9.428638e-01,2.079136e+00,7.901679e-09,8.651655e+01,0.000000e+00,0.000000e+00,0.000000e+00
53,2.700000e-02,5.000000e-04,-1.000001e+00,1.000001e+00,-2.000000e-01,9.428638e-01,-6.215251e-09,0,0.000000e+00,0.000000e+00,-1.124778e+00,2.640481e-02,2.221455e+00,7.414157e-01,1.180370e+00,1.000000e+00,1.500000e+00,0,0.000000e+00,0.000000e+00,-3.170390e-05,3.195814e-05,-3.977069e-05,1.187360e-04,1.014082e-04,9.966751e-11,2.509094e-03,4.532632e-02,5.736513e-06,-4.303461e-01,2.273542e-01,0.000000e+00,0.000000e+00,0.000000e+00,0.000000e+00,9.428638e-01,2.123233e+00,9.253709e-09,8.819552e+01,0.000000e+00,0.000000e+00,0.000000e+00
54,2.750000e-02,5.000000e-04,-1.000001e+00,1.000001e+00,-2.000000e-01,9.428638e-01,-5.821787e-09,0,0.000000e+00,0.000000e+00,-1.145989e+00,2.690240e-02,2.263372e+00,7.553803e-01,1.225307e+00,1.000000e+00,1.500000e+00,0,0.000000e+00,0.000000e+00,-3.296714e-05,3.323115e-05,-4.135245e-05,1.233049e-04,1.053152e-04,1.078811e-10,2.605077e-03,4.705926e-02,5.957527e-06,-4.467588e-01,2.360855e-01,0.000000e+00,0.000000e+00,0.000000e+00,0.000000e+00,9.428638e-01,2.168171e+00,1.060552e-08,8.987450e+01,0.000000e+00,0.000000e+00,0.000000e+00
55,2.800000e-02,5.000000e-04,-1.000001e+00,1.000001e+00,-2.000000e-01,9.428638e-01,-5.780931e-09,0,0.000000e+00,0.000000e+00,-1.167200e+00,2.739999e-02,2.305288e+00,7.693450e-01,1.271084e+00,1.000000e+00,1.500000e+00,0,0.000000e+00,0.000000e+00,-3.425496e-05,3.452893e-05,-4.296531e-05,1.279598e-04,1.092957e-04,1.165931e-10,2.702863e-03,4.882470e-02,6.182700e-06,-4.634807e-01,2.449791e-01,0.000000e+00,0.000000e+00,0.000000e+00,0.000000e+00,9.428638e-01,2.213947e+00,1.164291e-08,9.155347e+01,0.000000e+00,0.000000e+00,0.000000e+00
56,2.850000e-02,5.000000e-04,-1.000001e+00,1.000001e+00,-2.000000e-01,9.428638e-01,-5.379253e-09,0,0.000000e+00,0.000000e+00,-1.188411e+00,2.789758e-02,2.347205e+00,7.833097e-01,1.317700e+00,1.000000e+00,1.500000e+00,0,0.000000e+00,0.000000e+00,-3.556736e-05,3.585147e-05,-4.460926e-05,1.327006e-04,1.133498e-04,1.258233e-10,2.802450e-03,5.062265e-02,6.412031e-06,-4.805118e-01,2.540351e-01,0.000000e+00,0.000000e+00,0.000000e+00,0.000000e+00,9.428638e-01,2.260564e+00,1.308109e-08,9.323244e+01,0.000000e+00,0.000000e+00,0.000000e+00
57,2.900000e-02,5.000000e-04,-1.000001e+00,1.000001e+00,-2.000000e-01,9.428638e-01,-5.072387e-09,0,0.000000e+00,0.000000e+00,-1.209623e+00,2.839518e-02,2.389122e+00,7.972743e-01,1.365155e+00,1.000000e+00,1.500000e+00,0,0.000000e+00,0.000000e+00,-3.690431e-05,3.719875e-05,-4.628432e-05,1.375274e-04,1.174773e-04,1.355917e-10,2.903838e-03,5.245310e-02,6.645519e-06,-4.978519e-01,2.632535e-01,0.000000e+00,0.000000e+00,0.000000e+00,0.000000e+00,9.428638e-01,2.308019e+00,1.446465e-08,9.491142e+01,0.000000e+00,0.000000e+00,0.000000e+00
58,2.950000e-02,5.000000e-04,-1.000001e+00,1.000001e+00,-2.000000e-01,9.428638e-01,-4.831469e-09,0,0.000000e+00,0.000000e+00,-1.230834e+00,2.889277e-02,2.431039e+00,8.112390e-01,1.413451e+00,1.000000e+00,1.500000e+00,0,0.000000e+00,0.000000e+00,-3.826580e-05,3.857076e-05,-4.799046e-05,1.424400e-04,1.216783e-04,1.459189e-10,3.007028e-03,5.431606e-02,6.883163e-06,-5.155011e-01,2.726344e-01,0.000000e+00,0.000000e+00,0.000000e+00,0.000000e+00,9.428638e-01,2.356314e+00,1.582268e-08,9.659039e+01,0.000000e+00,0.000000e+00,0.000000e+00
59,3.000000e-02,5.000000e-04,-1.000001e+00,1.000001e+00,-2.000000e-01,9.428638e-01,-4.618972e-09,0,0.000000e+00,0.000000e+00,-1.252045e+00,2.939036e-02,2.472955e+00,8.252036e-01,1.462585e+00,1.000000e+00,1.500000e+00,0,0.000000e+00,0.000000e+00,-3.965183e-05,3.996749e-05,-4.972771e-05,1.474385e-04,1.259527e-04,1.568257e-10,3.112020e-03,5.621151e-02,7.124962e-06,-5.334594e-01,2.821777e-01,0.000000e+00,0.000000e+00,0.000000e+00,0.000000e+00,9.428638e-01,2.405449e+00,1.719469e-08,9.826937e+01,0.000000e+00,0.000000e+00,0.000000e+00
60,3.050000e-02,5.000000e-04,-1.000001e+00,1.000001e+00,-2.000000e-01,9.428638e-01,-4.432676e-09,0,0.000000e+00,0.000000e+00,-1.273257e+00,2.988795e-02,2.514872e+00,8.391683e-01,1.512560e+00,1.000000e+00,1.500000e+00,0,0.000000e+00,0.000000e+00,-4.106237e-05,4.138892e-05,-5.149605e-05,1.525229e-04,1.303006e-04,1.683333e-10,3.218813e-03,5.813947e-02,7.370915e-06,-5.517266e-01,2.918836e-01,0.000000e+00,0.000000e+00,0.000000e+00,0.000000e+00,9.428638e-01,2.455423e+00,1.858269e-08,9.994834e+01,0.000000e+00,0.000000e+00,0.000000e+00
61,3.100000e-02,5.000000e-04,-1.000001e+00,1.000001e+00,-2.000000e-01,9.428638e-01,-4.162226e-09,0,0.000000e+00,0.000000e+00,-1.294468e+00,3.038554e-02,2.556789e+00,8.531330e-01,1.563373e+00,1.000000e+00,1.500000e+00,0,0.000000e+00,0.000000e+00,-4.249741e-05,4.283504e-05,-5.329548e-05,1.576931e-04,1.347219e-04,1.804634e-10,3.327408e-03,6.009993e-02,7.621021e-06,-5.703027e-01,3.017521e-01,0.000000e+00,0.000000e+00,0.000000e+00,0.000000e+00,9.428638e-01,2.506237e+00,2.009792e-08,1.016273e+02,0.000000e+00,0.000000e+00,0.000000e+00
62,3.150000e-02,5.000000e-04,-1.000001e+00,1.000001e+00,-2.000000e-01,9.428638e-01,-3.837375e-09,0,0.000000e+00,0.000000e+00,-1.315679e+00,3.088313e-02,2.598706e+00,8.670976e-01,1.615026e+00,1.000000e+00,1.500000e+00,0,0.000000e+00,0.000000e+00,-4.395694e-05,4.430583e-05,-5.512600e-05,1.629491e-04,1.392166e-04,1.932380e-10,3.437804e-03,6.209289e-02,7.875279e-06,-5.891877e-01,3.117831e-01,0.000000e+00,0.000000e+00,0.000000e+00,0.000000e+00,9.428638e-01,2.557890e+00,2.171174e-08,1.033063e+02,0.000000e+00,0.000000e+00,0.000000e+00
63,3.200000e-02,5.000000e-04,-1.000001e+00,1.000001e+00,-2.000000e-01,9.428638e-01,-3.587575e-09,0,0.000000e+00,0.000000e+00,-1.336890e+00,3.138072e-02,2.640622e+00,8.810623e-01,1.667519e+00,1.000000e+00,1.500000e+00,0,0.000000e+00,0.000000e+00,-4.544158e-05,4.580129e-05,-5.698762e-05,1.682910e-04,1.437846e-04,2.066793e-10,3.550002e-03,6.411835e-02,8.133687e-06,-6.083816e-01,3.219768e-01,0.000000e+00,0.000000e+00,0.000000e+00,0.000000e+00,9.428638e-01,2.610383e+00,2.329514e-08,1.049853e+02,0.000000e+00,0.000000e+00,0.000000e+00
64,3.250000e-02,5.000000e-04,-1.000001e+00,1.000001e+00,-2.000000e-01,9.428638e-01,-3.430811e-09,0,0.000000e+00,0.000000e+00,-1.358102e+00,3.187831e-02,2.682539e+00,8.950269e-01,1.720851e+00,1.000000e+00,1.500000e+00,0,0.000000e+00,0.000000e+00,-4.695103e-05,4.732139e-05,-5.888033e-05,1.737186e-04,1.484260e-04,2.208102e-10,3.664002e-03,6.617631e-02,8.396245e-06,-6.278844e-01,3.323332e-01,0.000000e+00,0.000000e+00,0.000000e+00,0.000000e+00,9.428638e-01,2.663715e+00,2.483080e-08,1.066642e+02,0.000000e+00,0.000000e+00,0.000000e+00
65,3.300000e-02,5.000000e-04,-1.000001e+00,1.000001e+00,-2.000000e-01,9.428638e-01,-3.008704e-09,0,0.000000e+00,0.000000e+00,-1.379313e+00,3.237590e-02,2.724456e+00,9.089916e-01,1.775023e+00,1.000000e+00,1.500000e+00,0,0.000000e+00,0.000000e+00,-4.848497e-05,4.886614e-05,-6.080413e-05,1.792321e-04,1.531408e-04,2.356537e-10,3.779803e-03,6.826677e-02,8.662952e-06,-6.476959e-01,3.428522e-01,0.000000e+00,0.000000e+00,0.000000e+00,0.000000e+00,9.428638e-01,2.717886e+00,2.667844e-08,1.083432e+02,0.000000e+00,0.000000e+00,0.000000e+00
66,3.350000e-02,5.000000e-04,-1.000001e+00,1.000001e+00,-2.000000e-01,9.428638e-01,-3.033795e-09,0,0.000000e+00,0.000000e+00,-1.400524e+00,3.287349e-02,2.766373e+00,9.229562e-01,1.830034e+00,1.000000e+00,1.500000e+00,0,0.000000e+00,0.000000e+00,-5.004339e-05,5.043640e-05,-6.275901e-05,1.848313e-04,1.579289e-04,2.512333e-10,3.897406e-03,7.038973e-02,8.933807e-06,-6.678162e-01,3.535339e-01,0.000000e+00,0.000000e+00,0.000000e+00,0.000000e+00,9.428638e-01,2.772898e+00,2.812528e-08,1.100222e+02,0.000000e+00,0.000000e+00,0.000000e+00
67,3.400000e-02,5.000000e-04,-1.000001e+00,1.000001e+00,-2.000000e-01,9.428638e-01,-2.565947e-09,0,0.000000e+00,0.000000e+00,-1.421735e+00,3.337108e-02,2.808289e+00,9.369209e-01,1.885884e+00,1.000000e+00,1.500000e+00,0,0.000000e+00,0.000000e+00,-5.162626e-05,5.203139e-05,-6.474499e-05,1.905162e-04,1.627903e-04,2.675728e-10,4.016811e-03,7.254518e-02,9.208809e-06,-6.882453e-01,3.643784e-01,0.000000e+00,0.000000e+00,0.000000e+00,0.000000e+00,9.428638e-01,2.828748e+00,3.011302e-08,1.117012e+02,0.000000e+00,0.000000e+00,0.000000e+00
68,3.450000e-02,5.000000e-04,-1.000001e+00,1.000001e+00,-2.000000e-01,9.428638e-01,-2.646994e-09,0,0.000000e+00,0.000000e+00,-1.442947e+00,3.386867e-02,2.850206e+00,9.508856e-01,1.942574e+00,1.000000e+00,1.500000e+00,0,0.000000e+00,0.000000e+00,-5.323359e-05,5.365101e-05,-6.676206e-05,1.962868e-04,1.677250e-04,2.846965e-10,4.138017e-03,7.473313e-02,9.487957e-06,-7.089831e-01,3.753856e-01,0.000000e+00,0.000000e+00,0.000000e+00,0.000000e+00,9.428638e-01,2.885438e+00,3.160050e-08,1.133801e+02,0.000000e+00,0.000000e+00,0.000000e+00
69,3.500000e-02,5.000000e-04,-1.000001e+00,1.000001e+00,-2.000000e-01,9.428638e-01,-2.286837e-09,0,0.000000e+00,0.000000e+00,-1.464158e+00,3.436626e-02,2.892123e+00,9.648502e-01,2.000104e+00,1.000000e+00,1.500000e+00,0,0.000000e+00,0.000000e+00,-5.486535e-05,5.529524e-05,-6.881021e-05,2.021432e-04,1.727329e-04,3.026289e-10,4.261024e-03,7.695358e-02,9.771250e-06,-7.300295e-01,3.865556e-01,0.000000e+00,0.000000e+00,0.000000e+00,0.000000e+00,9.428638e-01,2.942968e+00,3.357803e-08,1.150591e+02,0.000000e+00,0.000000e+00,0.000000e+00
70,3.550000e-02,5.000000e-04,-1.000001e+00,1.000001e+00,-2.000000e-01,9.428638e-01,-2.177591e-09,0,0.000000e+00,0.000000e+00,-1.485369e+00,3.486385e-02,2.934039e+00,9.788149e-01,2.058473e+00,1.000000e+00,1.500000e+00,0,0.000000e+00,0.000000e+00,-5.652153e-05,5.696409e-05,-7.088945e-05,2.080853e-04,1.778141e-04,3.213950e-10,4.385833e-03,7.920652e-02,1.005869e-05,-7.513847e-01,3.978884e-01,0.000000e+00,0.000000e+00,0.000000e+00,0.000000e+00,9.428638e-01,3.001337e+00,3.535461e-08,1.167381e+02,0.000000e+00,0.000000e+00,0.000000e+00
71,3.600000e-02,5.000000e-04,-1.000001e+00,1.000001e+00,-2.000000e-01,9.428638e-01,-1.899148e-09,0,0.000000e+00,0.000000e+00,-1.506580e+00,3.536144e-02,2.975956e+00,9.927795e-01,2.117682e+00,1.000000e+00,1.500000e+00,0,0.000000e+00,0.000000e+00,-5.820213e-05,5.865754e-05,-7.299977e-05,2.141130e-04,1.829686e-04,3.410202e-10,4.512444e-03,8.149195e-02,1.035027e-05,-7.730485e-01,4.093840e-01,0.000000e+00,0.000000e+00,0.000000e+00,0.000000e+00,9.428638e-01,3.060545e+00,3.735123e-08,1.184171e+02,0.000000e+00,0.000000e+00,0.000000e+00
72,3.650000e-02,5.000000e-04,-1.000001e+00,1.000001e+00,-2.000000e-01,9.428638e-01,-1.599831e-09,0,0.000000e+00,0.000000e+00,-1.527792e+00,3.585903e-02,3.017873e+00,1.006744e+00,2.177730e+00,1.000000e+00,1.500000e+00,0,0.000000e+00,0.000000e+00,-5.990712e-05,6.037556e-05,-7.514118e-05,2.202264e-04,1.881963e-04,3.615301e-10,4.640857e-03,8.380988e-02,1.064599e-05,-7.950209e-01,4.210424e-01,0.000000e+00,0.000000e+00,0.000000e+00,0.000000e+00,9.428638e-01,3.120593e+00,3.941980e-08,1.200960e+02,0.000000e+00,0.000000e+00,0.000000e+00
73,3.700000e-02,5.000000e-04,-1.000001e+00,1.000001e+00,-2.000000e-01,9.428638e-01,-1.580513e-09,0,0.000000e+00,0.000000e+00,-1.549003e+00,3.635663e-02,3.059790e+00,1.020709e+00,2.238617e+00,1.000000e+00,1.500000e+00,0,0.000000e+00,0.000000e+00,-6.163714e-05,6.211816e-05,-7.731368e-05,2.264255e-04,1.934972e-04,3.829507e-10,4.771071e-03,8.616030e-02,1.094585e-05,-8.173020e-01,4.328636e-01,0.000000e+00,0.000000e+00,0.000000e+00,0.000000e+00,9.428638e-01,3.181481e+00,4.126077e-08,1.217750e+02,0.000000e+00,0.000000e+00,0.000000e+00
74,3.750000e-02,5.000000e-04,-1.000001e+00,1.000001e+00,-2.000000e-01,9.428638e-01,-1.314060e-09,0,0.000000e+00,0.000000e+00,-1.570214e+00,3.685422e-02,3.101706e+00,1.034674e+00,2.300344e+00,1.000000e+00,1.500000e+00,0,0.000000e+00,0.000000e+00,-6.339191e-05,6.388531e-05,-7.951725e-05,2.327102e-04,1.988713e-04,4.053085e-10,4.903086e-03,8.854321e-02,1.124986e-05,-8.398916e-01,4.448477e-01,0.000000e+00,0.000000e+00,0.000000e+00,0.000000e+00,9.428638e-01,3.243208e+00,4.340173e-08,1.234540e+02,0.000000e+00,0.000000e+00,0.000000e+00
75,3.800000e-02,5.000000e-04,-1.000001e+00,1.000001e+00,-2.000000e-01,9.428638e-01,-9.894308e-10,0,0.000000e+00,0.000000e+00,-1.591425e+00,3.735181e-02,3.143623e+00,1.048638e+00,2.362911e+00,1.000000e+00,1.500000e+00,0,0.000000e+00,0.000000e+00,-6.517108e-05,6.567702e-05,-8.175191e-05,2.390805e-04,2.043185e-04,4.286304e-10,5.036903e-03,9.095861e-02,1.155800e-05,-8.627899e-01,4.569947e-01,0.000000e+00,0.000000e+00,0.000000e+00,0.000000e+00,9.428638e-01,3.305774e+00,4.565415e-08,1.251330e+02,0.000000e+00,0.000000e+00,0.000000e+00
76,3.850000e-02,5.000000e-04,-1.000001e+00,1.000001e+00,-2.000000e-01,9.428638e-01,-8.670842e-10,0,0.000000e+00,0.000000e+00,-1.612637e+00,3.784940e-02,3.185540e+00,1.062603e+00,2.426316e+00,1.000000e+00,1.500000e+00,0,0.000000e+00,0.000000e+00,-6.697464e-05,6.749325e-05,-8.401766e-05,2.455364e-04,2.098389e-04,4.529434e-10,5.172522e-03,9.340650e-02,1.187028e-05,-8.859966e-01,4.693046e-01,0.000000e+00,0.000000e+00,0.000000e+00,0.000000e+00,9.428638e-01,3.369180e+00,4.775891e-08,1.268119e+02,0.000000e+00,0.000000e+00,0.000000e+00
77,3.900000e-02,5.000000e-04,-1.000001e+00,1.000001e+00,-2.000000e-01,9.428638e-01,-6.137313e-10,0,0.000000e+00,0.000000e+00,-1.633848e+00,3.834699e-02,3.227457e+00,1.076567e+00,2.490562e+00,1.000000e+00,1.500000e+00,0,0.000000e+00,0.000000e+00,-6.880256e-05,6.933501e-05,-8.631448e-05,2.520779e-04,2.154325e-04,4.782751e-10,5.309943e-03,9.588688e-02,1.218670e-05,-9.095120e-01,4.817774e-01,0.000000e+00,0.000000e+00,0.000000e+00,0.000000e+00,9.428638e-01,3.433426e+00,5.004974e-08,1.284909e+02,0.000000e+00,0.000000e+00,0.000000e+00
78,3.950000e-02,5.000000e-04,-1.000001e+00,1.000001e+00,-2.000000e-01,9.428638e-01,-2.955414e-10,0,0.000000e+00,0.000000e+00,-1.655059e+00,3.884458e-02,3.269373e+00,1.090532e+00,2.555647e+00,1.000000e+00,1.500000e+00,0,0.000000e+00,0.000000e+00,-7.065484e-05,7.120134e-05,-8.864239e-05,2.587050e-04,2.210992e-04,5.046534e-10,5.449165e-03,9.839974e-02,1.250726e-05,-9.333358e-01,4.944130e-01,0.000000e+00,0.000000e+00,0.000000e+00,0.000000e+00,9.428638e-01,3.498511e+00,5.246115e-08,1.301699e+02,0.000000e+00,0.000000e+00,0.000000e+00
79,4.000000e-02,5.000000e-04,-1.000001e+00,1.000001e+00,-2.000000e-01,9.428638e-01,-2.640110e-10,0,0.000000e+00,0.000000e+00,-1.676270e+00,3.934217e-02,3.311290e+00,1.104497e+00,2.621571e+00,1.000000e+00,1.500000e+00,0,0.000000e+00,0.000000e+00,-7.253147e-05,7.309220e-05,-9.100138e-05,2.654177e-04,2.268390e-04,5.321066e-10,5.590188e-03,1.009451e-01,1.283195e-05,-9.574682e-01,5.072117e-01,0.000000e+00,0.000000e+00,0.000000e+00,0.000000e+00,9.428638e-01,3.564435e+00,5.464229e-08,1.318488e+02,0.000000e+00,0.000000e+00,0.000000e+00
80,4.050000e-02,5.000000e-04,-1.000001e+00,1.000001e+00,-2.000000e-01,9.428638e-01,-6.772360e-11,0,0.000000e+00,0.000000e+00,-1.697482e+00,3.983976e-02,3.353207e+00,1.118461e+00,2.688335e+00,1.000000e+00,1.500000e+00,0,0.000000e+00,0.000000e+00,-7.443243e-05,7.500758e-05,-9.339145e-05,2.722159e-04,2.326519e-04,5.606633e-10,5.733013e-03,1.035229e-01,1.316078e-05,-9.819090e-01,5.201732e-01,0.000000e+00,0.000000e+00,0.000000e+00,0.000000e+00,9.428638e-01,3.631199e+00,5.704570e-08,1.335278e+02,0.000000e+00,0.000000e+00,0.000000e+00
81,4.100000e-02,5.000000e-04,-1.000001e+00,1.000001e+00,-2.000000e-01,9.428638e-01,2.029488e-10,0,0.000000e+00,0.000000e+00,-1.718693e+00,4.033735e-02,3.395124e+00,1.132426e+00,2.755939e+00,1.000000e+00,1.500000e+00,0,0.000000e+00,0.000000e+00,-7.635772e-05,7.694746e-05,-9.581259e-05,2.790996e-04,2.385379e-04,5.903524e-10,5.877640e-03,1.061332e-01,1.349374e-05,-1.006658e+00,5.332977e-01,0.000000e+00,0.000000e+00,0.000000e+00,0.000000e+00,9.428638e-01,3.698802e+00,5.958123e-08,1.352068e+02,0.000000e+00,0.000000e+00,0.000000e+00
82,4.150000e-02,5.000000e-04,-1.000001e+00,1.000001e+00,-2.000000e-01,9.428638e-01,5.895284e-10,0,0.000000e+00,0.000000e+00,-1.739904e+00,4.083494e-02,3.437040e+00,1.146391e+00,2.824381e+00,1.000000e+00,1.500000e+00,0,0.000000e+00,0.000000e+00,-7.830731e-05,7.891184e-05,-9.826482e-05,2.860688e-04,2.444970e-04,6.212035e-10,6.024068e-03,1.087761e-01,1.383084e-05,-1.031716e+00,5.465851e-01,0.000000e+00,0.000000e+00,0.000000e+00,0.000000e+00,9.428638e-01,3.767245e+00,6.229151e-08,1.368858e+02,0.000000e+00,0.000000e+00,0.000000e+00
83,4.200000e-02,5.000000e-04,-1.000001e+00,1.000001e+00,-2.000000e-01,9.428638e-01,6.625811e-10,0,0.000000e+00,0.000000e+00,-1.761115e+00,4.133253e-02,3.478957e+00,1.160355e+00,2.893664e+00,1.000000e+00,1.500000e+00,0,0.000000e+00,0.000000e+00,-8.028120e-05,8.090070e-05,-1.007481e-04,2.931235e-04,2.505291e-04,6.532461e-10,6.172298e-03,1.114513e-01,1.417207e-05,-1.057082e+00,5.600355e-01,0.000000e+00,0.000000e+00,0.000000e+00,0.000000e+00,9.428638e-01,3.836528e+00,6.474798e-08,1.385647e+02,0.000000e+00,0.000000e+00,0.000000e+00
84,4.250000e-02,5.000000e-04,-1.000001e+00,1.000001e+00,-2.000000e-01,9.428638e-01,9.849899e-10,0,0.000000e+00,0.000000e+00,-1.782327e+00,4.183012e-02,3.520874e+00,1.174320e+00,2.963786e+00,1.000000e+00,1.500000e+00,0,0.000000e+00,0.000000e+00,-8.227938e-05,8.291403e-05,-1.032625e-04,3.002637e-04,2.566343e-04,6.865104e-10,6.322330e-03,1.141591e-01,1.451743e-05,-1.082757e+00,5.736488e-01,0.000000e+00,0.000000e+00,0.000000e+00,0.000000e+00,9.428638e-01,3.906650e+00,6.751355e-08,1.402437e+02,0.000000e+00,0.000000e+00,0.000000e+00
85,4.300000e-02,5.000000e-04,-1.000001e+00,1.000001e+00,-2.000000e-01,9.428638e-01,1.272982e-09,0,0.000000e+00,0.000000e+00,-1.803538e+00,4.232771e-02,3.562790e+00,1.188285e+00,3.034747e+00,1.000000e+00,1.500000e+00,0,0.000000e+00,0.000000e+00,-8.430183e-05,8.495183e-05,-1.058080e-04,3.074894e-04,2.628125e-04,7.210268e-10,6.474163e-03,1.168993e-01,1.486692e-05,-1.108740e+00,5.874252e-01,0.000000e+00,0.000000e+00,0.000000e+00,0.000000e+00,9.428638e-01,3.977611e+00,7.030576e-08,1.419227e+02,0.000000e+00,0.000000e+00,0.000000e+00
86,4.350000e-02,5.000000e-04,-1.000001e+00,1.000001e+00,-2.000000e-01,9.428638e-01,1.546985e-09,0,0.000000e+00,0.000000e+00,-1.824749e+00,4.282530e-02,3.604707e+00,1.202249e+00,3.106548e+00,1.000000e+00,1.500000e+00,0,0.000000e+00,0.000000e+00,-8.634854e-05,8.701407e-05,-1.083845e-04,3.148005e-04,2.690636e-04,7.568262e-10,6.627798e-03,1.196721e-01,1.522054e-05,-1.135032e+00,6.013645e-01,0.000000e+00,0.000000e+00,0.000000e+00,0.000000e+00,9.428638e-01,4.049412e+00,7.314571e-08,1.436017e+02,0.000000e+00,0.000000e+00,0.000000e+00
87,4.400000e-02,5.000000e-04,-1.000001e+00,1.000001e+00,-2.000000e-01,9.428638e-01,1.760814e-09,0,0.000000e+00,0.000000e+00,-1.845961e+00,4.332290e-02,3.646624e+00,1.216214e+00,3.179188e+00,1.000000e+00,1.500000e+00,0,0.000000e+00,0.000000e+00,-8.841951e-05,8.910074e-05,-1.109921e-04,3.221971e-04,2.753878e-04,7.939396e-10,6.783234e-03,1.224773e-01,1.557829e-05,-1.161632e+00,6.154668e-01,0.000000e+00,0.000000e+00,0.000000e+00,0.000000e+00,9.428638e-01,4.122052e+00,7.598788e-08,1.452806e+02,0.000000e+00,0.000000e+00,0.000000e+00
88,4.450000e-02,5.000000e-04,-1.000001e+00,1.000001e+00,-2.000000e-01,9.428638e-01,2.106093e-09,0,0.000000e+00,0.000000e+00,-1.867172e+00,4.382049e-02,3.688541e+00,1.230179e+00,3.252668e+00,1.000000e+00,1.500000e+00,0,0.000000e+00,0.000000e+00,-9.051471e-05,9.121184e-05,-1.136308e-04,3.296791e-04,2.817850e-04,8.323988e-10,6.940472e-03,1.253149e-01,1.594017e-05,-1.188540e+00,6.297321e-01,0.000000e+00,0.000000e+00,0.000000e+00,0.000000e+00,9.428638e-01,4.195532e+00,7.902434e-08,1.469596e+02,0.000000e+00,0.000000e+00,0.000000e+00
89,4.500000e-02,5.000000e-04,-1.000001e+00,1.000001e+00,-2.000000e-01,9.428638e-01,2.344791e-09,0,0.000000e+00,0.000000e+00,-1.888383e+00,4.431808e-02,3.730457e+00,1.244143e+00,3.326987e+00,1.000000e+00,1.500000e+00,0,0.000000e+00,0.000000e+00,-9.263413e-05,9.334735e-05,-1.163006e-04,3.372465e-04,2.882551e-04,8.722356e-10,7.099511e-03,1.281851e-01,1.630617e-05,-1.215757e+00,6.441605e-01,0.000000e+00,0.000000e+00,0.000000e+00,0.000000e+00,9.428638e-01,4.269851e+00,8.201817e-08,1.486386e+02,0.000000e+00,0.000000e+00,0.000000e+00
90,4.550000e-02,5.000000e-04,-1.000001e+00,1.000001e+00,-2.000000e-01,9.428638e-01,2.574607e-09,0,0.000000e+00,0.000000e+00,-1.909594e+00,4.481567e-02,3.772374e+00,1.258108e+00,3.402146e+00,1.000000e+00,1.500000e+00,0,0.000000e+00,0.000000e+00,-9.477778e-05,9.550726e-05,-1.190014e-04,3.448993e-04,2.947982e-04,9.134821e-10,7.260352e-03,1.310877e-01,1.667630e-05,-1.243282e+00,6.587518e-01,0.000000e+00,0.000000e+00,0.000000e+00,0.000000e+00,9.428638e-01,4.345010e+00,8.506795e-08,1.503176e+02,0.000000e+00,0.000000e+00,0.000000e+00
91,4.600000e-02,5.000000e-04,-1.000001e+00,1.000001e+00,-2.000000e-01,9.428638e-01,2.956302e-09,0,0.000000e+00,0.000000e+00,-1.930806e+00,4.531326e-02,3.814291e+00,1.272073e+00,3.478144e+00,1.000000e+00,1.500000e+00,0,0.000000e+00,0.000000e+00,-9.694562e-05,9.769156e-05,-1.217333e-04,3.526375e-04,3.014142e-04,9.561712e-10,7.422995e-03,1.340228e-01,1.705056e-05,-1.271116e+00,6.735061e-01,0.000000e+00,0.000000e+00,0.000000e+00,0.000000e+00,9.428638e-01,4.421008e+00,8.833445e-08,1.519965e+02,0.000000e+00,0.000000e+00,0.000000e+00
92,4.650000e-02,5.000000e-04,-1.000001e+00,1.000001e+00,-2.000000e-01,9.428638e-01,3.196998e-09,0,0.000000e+00,0.000000e+00,-1.952017e+00,4.581085e-02,3.856207e+00,1.286037e+00,3.554982e+00,1.000000e+00,1.500000e+00,0,0.000000e+00,0.000000e+00,-9.913766e-05,9.990024e-05,-1.244963e-04,3.604610e-04,3.081031e-04,1.000336e-09,7.587439e-03,1.369903e-01,1.742895e-05,-1.299258e+00,6.884235e-01,0.000000e+00,0.000000e+00,0.000000e+00,0.000000e+00,9.428638e-01,4.497846e+00,9.152590e-08,1.536755e+02,0.000000e+00,0.000000e+00,0.000000e+00
93,4.700000e-02,5.000000e-04,-1.000001e+00,1.000001e+00,-2.000000e-01,9.428638e-01,3.558931e-09,0,0.000000e+00,0.000000e+00,-1.973228e+00,4.630844e-02,3.898124e+00,1.300002e+00,3.632659e+00,1.000000e+00,1.500000e+00,0,0.000000e+00,0.000000e+00,-1.013539e-04,1.021333e-04,-1.272904e-04,3.683699e-04,3.148650e-04,1.046009e-09,7.753685e-03,1.399904e-01,1.781145e-05,-1.327708e+00,7.035039e-01,0.000000e+00,0.000000e+00,0.000000e+00,0.000000e+00,9.428638e-01,4.575523e+00,9.490586e-08,1.553545e+02,0.000000e+00,0.000000e+00,0.000000e+00
94,4.750000e-02,5.000000e-04,-1.000001e+00,1.000001e+00,-2.000000e-01,9.428638e-01,3.935519e-09,0,0.000000e+00,0.000000e+00,-1.994439e+00,4.680603e-02,3.940041e+00,1.313967e+00,3.711176e+00,1.000000e+00,1.500000e+00,0,0.000000e+00,0.000000e+00,-1.035943e-04,1.043907e-04,-1.301155e-04,3.763642e-04,3.216997e-04,1.093225e-09,7.921733e-03,1.430228e-01,1.819808e-05,-1.356467e+00,7.187474e-01,0.000000e+00,0.000000e+00,0.000000e+00,0.000000e+00,9.428638e-01,4.654040e+00,9.836731e-08,1.570335e+02,0.000000e+00,0.000000e+00,0.000000e+00
95,4.800000e-02,5.000000e-04,-1.000001e+00,1.000001e+00,-2.000000e-01,9.428638e-01,4.169332e-09,0,0.000000e+00,0.000000e+00,-2.015651e+00,4.730362e-02,3.981958e+00,1.327931e+00,3.790532e+00,1.000000e+00,1.500000e+00,0,0.000000e+00,0.000000e+00,-1.058588e-04,1.066724e-04,-1.329717e-04,3.844437e-04,3.286073e-04,1.142018e-09,8.091582e-03,1.460878e-01,1.858884e-05,-1.385534e+00,7.341539e-01,0.000000e+00,0.000000e+00,0.000000e+00,0.000000e+00,9.428638e-01,4.733396e+00,1.017544e-07,1.587124e+02,0.000000e+00,0.000000e+00,0.000000e+00
96,4.850000e-02,5.000000e-04,-1.000001e+00,1.000001e+00,-2.000000e-01,9.428638e-01,4.503953e-09,0,0.000000e+00,0.000000e+00,-2.036862e+00,4.780121e-02,4.023874e+00,1.341896e+00,3.870728e+00,1.000000e+00,1.500000e+00,0,0.000000e+00,0.000000e+00,-1.081475e-04,1.089785e-04,-1.358590e-04,3.926086e-04,3.355889e-04,1.192421e-09,8.263232e-03,1.491852e-01,1.898377e-05,-1.414909e+00,7.497234e-01,0.000000e+00,0.000000e+00,0.000000e+00,0.000000e+00,9.428638e-01,4.813592e+00,1.053111e-07,1.603914e+02,0.000000e+00,0.000000e+00,0.000000e+00
97,4.900000e-02,5.000000e-04,-1.000001e+00,1.000001e+00,-2.000000e-01,9.428638e-01,4.798162e-09,0,0.000000e+00,0.000000e+00,-2.058073e+00,4.829880e-02,4.065791e+00,1.355861e+00,3.951763e+00,1.000000e+00,1.500000e+00,0,0.000000e+00,0.000000e+00,-1.104603e-04,1.113089e-04,-1.387773e-04,4.008588e-04,3.426444e-04,1.244471e-09,8.436684e-03,1.523151e-01,1.938289e-05,-1.444593e+00,7.654559e-01,0.000000e+00,0.000000e+00,0.000000e+00,0.000000e+00,9.428638e-01,4.894627e+00,1.088969e-07,1.620704e+02,0.000000e+00,0.000000e+00,0.000000e+00
98,4.950000e-02,5.000000e-04,-1.000001e+00,1.000001e+00,-2.000000e-01,9.428638e-01,5.157652e-09,0,0.000000e+00,0.000000e+00,-2.079284e+00,4.879639e-02,4.107708e+00,1.369825e+00,4.033638e+00,1.000000e+00,1.500000e+00,0,0.000000e+00,0.000000e+00,-1.127973e-04,1.136636e-04,-1.417267e-04,4.091942e-04,3.497728e-04,1.298201e-09,8.611938e-03,1.554774e-01,1.978614e-05,-1.474585e+00,7.813516e-01,0.000000e+00,0.000000e+00,0.000000e+00,0.000000e+00,9.428638e-01,4.976502e+00,1.126184e-07,1.637494e+02,0.000000e+00,0.000000e+00,0.000000e+00
99,5.000000e-02,5.000000e-04,-1.000001e+00,1.000001e+00,-2.000000e-01,9.428638e-01,5.618617e-09,0,0.000000e+00,0.000000e+00,-2.100496e+00,4.929398e-02,4.149624e+00,1.383790e+00,4.116352e+00,1.000000e+00,1.500000e+00,0,0.000000e+00,0.000000e+00,-1.151583e-04,1.160426e-04,-1.447072e-04,4.176150e-04,3.569741e-04,1.353648e-09,8.788993e-03,1.586722e-01,2.019351e-05,-1.504885e+00,7.974103e-01,0.000000e+00,0.000000e+00,0.000000e+00,0.000000e+00,9.428638e-01,5.059216e+00,1.165124e-07,1.654283e+02,0.000000e+00,0.000000e+00,0.000000e+00
