step,time,mass,ch_energy,kinetic_energy,total_energy,divergence_L2,c_min,c_max,u_max,cfl_number,amplitude,y_min,y_max,n_spikes,mu_min,mu_max,p_min,p_max,c_norm,mu_norm,ux_norm,uy_norm,p_norm,F_cap_max,F_mag_max,F_grav_max
0,0.000000000000e+00,-2.003999927482e-01,2.375014928846e+00,0.000000000000e+00,2.375014928846e+00,0.000000000000e+00,-1.000000000000e+00,9.999999999998e-01,0.000000000000e+00,0.000000000000e+00,0.000000000000e+00,0.000000000000e+00,0.000000000000e+00,0,0.000000000000e+00,0.000000000000e+00,0.000000000000e+00,0.000000000000e+00,0.000000000000e+00,0.000000000000e+00,0.000000000000e+00,0.000000000000e+00,0.000000000000e+00,0.000000000000e+00,0.000000000000e+00,0.000000000000e+00
10,5.000000000000e-03,-2.003999927482e-01,2.367704504533e+00,4.615145627756e-03,2.372319650161e+00,6.161489470632e-02,-1.000095192725e+00,1.000097235741e+00,3.766719102376e-01,2.067158389398e-02,0.000000000000e+00,0.000000000000e+00,0.000000000000e+00,0,0.000000000000e+00,0.000000000000e+00,0.000000000000e+00,0.000000000000e+00,0.000000000000e+00,0.000000000000e+00,0.000000000000e+00,0.000000000000e+00,0.000000000000e+00,0.000000000000e+00,0.000000000000e+00,0.000000000000e+00
20,1.000000000000e-02,-2.003999927482e-01,2.365306973961e+00,5.747873248533e-03,2.371054847210e+00,2.814682107800e-02,-1.000402171351e+00,1.000585809419e+00,3.766605864752e-01,4.134192490205e-02,0.000000000000e+00,0.000000000000e+00,0.000000000000e+00,0,0.000000000000e+00,0.000000000000e+00,0.000000000000e+00,0.000000000000e+00,0.000000000000e+00,0.000000000000e+00,0.000000000000e+00,0.000000000000e+00,0.000000000000e+00,0.000000000000e+00,0.000000000000e+00,0.000000000000e+00
30,1.500000000000e-02,-2.003999927482e-01,2.363881183086e+00,5.198873912341e-03,2.369080056998e+00,1.616148973336e-02,-1.000504479883e+00,1.000975179318e+00,3.354429173369e-01,3.681791086039e-02,0.000000000000e+00,0.000000000000e+00,0.000000000000e+00,0,0.000000000000e+00,0.000000000000e+00,0.000000000000e+00,0.000000000000e+00,0.000000000000e+00,0.000000000000e+00,0.000000000000e+00,0.000000000000e+00,0.000000000000e+00,0.000000000000e+00,0.000000000000e+00,0.000000000000e+00
40,2.000000000000e-02,-2.003999927482e-01,2.363160490789e+00,4.116090453056e-03,2.367276581242e+00,1.970928540784e-02,-1.000503266630e+00,1.001262349885e+00,2.744218844971e-01,3.012029755098e-02,0.000000000000e+00,0.000000000000e+00,0.000000000000e+00,0,0.000000000000e+00,0.000000000000e+00,0.000000000000e+00,0.000000000000e+00,0.000000000000e+00,0.000000000000e+00,0.000000000000e+00,0.000000000000e+00,0.000000000000e+00,0.000000000000e+00,0.000000000000e+00,0.000000000000e+00
50,2.500000000000e-02,-2.003999927482e-01,2.362788179080e+00,3.165115185615e-03,2.365953294265e+00,1.942378959466e-02,-1.000463615541e+00,1.001479323479e+00,2.362973196778e-01,2.593577983853e-02,0.000000000000e+00,0.000000000000e+00,0.000000000000e+00,0,0.000000000000e+00,0.000000000000e+00,0.000000000000e+00,0.000000000000e+00,0.000000000000e+00,0.000000000000e+00,0.000000000000e+00,0.000000000000e+00,0.000000000000e+00,0.000000000000e+00,0.000000000000e+00,0.000000000000e+00
60,3.000000000000e-02,-2.003999927482e-01,2.362562649229e+00,2.425933521121e-03,2.364988582750e+00,1.658194020848e-02,-1.000494550965e+00,1.001731998992e+00,2.015504394537e-01,2.212199372874e-02,0.000000000000e+00,0.000000000000e+00,0.000000000000e+00,0,0.000000000000e+00,0.000000000000e+00,0.000000000000e+00,0.000000000000e+00,0.000000000000e+00,0.000000000000e+00,0.000000000000e+00,0.000000000000e+00,0.000000000000e+00,0.000000000000e+00,0.000000000000e+00,0.000000000000e+00
70,3.500000000000e-02,-2.003999927482e-01,2.362431027875e+00,1.777747930425e-03,2.364208775806e+00,1.439123467774e-02,-1.000559180904e+00,1.002075030232e+00,1.691996294987e-01,1.857119812203e-02,0.000000000000e+00,0.000000000000e+00,0.000000000000e+00,0,0.000000000000e+00,0.000000000000e+00,0.000000000000e+00,0.000000000000e+00,0.000000000000e+00,0.000000000000e+00,0.000000000000e+00,0.000000000000e+00,0.000000000000e+00,0.000000000000e+00,0.000000000000e+00,0.000000000000e+00
80,4.000000000000e-02,-2.003999927482e-01,2.362320733948e+00,1.257555880084e-03,2.363578289829e+00,1.340671801953e-02,-1.000604210182e+00,1.002323989262e+00,1.472855921286e-01,1.616593322363e-02,0.000000000000e+00,0.000000000000e+00,0.000000000000e+00,0,0.000000000000e+00,0.000000000000e+00,0.000000000000e+00,0.000000000000e+00,0.000000000000e+00,0.000000000000e+00,0.000000000000e+00,0.000000000000e+00,0.000000000000e+00,0.000000000000e+00,0.000000000000e+00,0.000000000000e+00
90,4.500000000000e-02,-2.003999927482e-01,2.362227360189e+00,8.621786213138e-04,2.363089538810e+00,1.159899343954e-02,-1.000632042322e+00,1.002489875917e+00,1.237881274707e-01,1.358687277994e-02,0.000000000000e+00,0.000000000000e+00,0.000000000000e+00,0,0.000000000000e+00,0.000000000000e+00,0.000000000000e+00,0.000000000000e+00,0.000000000000e+00,0.000000000000e+00,0.000000000000e+00,0.000000000000e+00,0.000000000000e+00,0.000000000000e+00,0.000000000000e+00,0.000000000000e+00
100,5.000000000000e-02,-2.003999927482e-01,2.362148654240e+00,5.148281543878e-04,2.362663482394e+00,9.733756796877e-03,-1.000648933364e+00,1.002573963056e+00,9.880275510539e-02,1.084450093360e-02,0.000000000000e+00,0.000000000000e+00,0.000000000000e+00,0,0.000000000000e+00,0.000000000000e+00,0.000000000000e+00,0.000000000000e+00,0.000000000000e+00,0.000000000000e+00,0.000000000000e+00,0.000000000000e+00,0.000000000000e+00,0.000000000000e+00,0.000000000000e+00,0.000000000000e+00
110,5.500000000000e-02,-2.003999927482e-01,2.362078557126e+00,3.125146690796e-04,2.362391071796e+00,1.155255182427e-02,-1.000661956227e+00,1.002584449119e+00,8.656958454513e-02,9.501799210153e-03,0.000000000000e+00,0.000000000000e+00,0.000000000000e+00,0,0.000000000000e+00,0.000000000000e+00,0.000000000000e+00,0.000000000000e+00,0.000000000000e+00,0.000000000000e+00,0.000000000000e+00,0.000000000000e+00,0.000000000000e+00,0.000000000000e+00,0.000000000000e+00,0.000000000000e+00
120,6.000000000000e-02,-2.003999927482e-01,2.362017129707e+00,2.160223845686e-04,2.362233152092e+00,1.362695872726e-02,-1.000670946833e+00,1.002537481794e+00,7.714502074701e-02,8.467367621697e-03,0.000000000000e+00,0.000000000000e+00,0.000000000000e+00,0,0.000000000000e+00,0.000000000000e+00,0.000000000000e+00,0.000000000000e+00,0.000000000000e+00,0.000000000000e+00,0.000000000000e+00,0.000000000000e+00,0.000000000000e+00,0.000000000000e+00,0.000000000000e+00,0.000000000000e+00
130,6.500000000000e-02,-2.003999927482e-01,2.361963144123e+00,1.562029437651e-04,2.362119347066e+00,1.566214741690e-02,-1.000675320941e+00,1.002460166024e+00,7.143106004627e-02,7.840208469226e-03,0.000000000000e+00,0.000000000000e+00,0.000000000000e+00,0,0.000000000000e+00,0.000000000000e+00,0.000000000000e+00,0.000000000000e+00,0.000000000000e+00,0.000000000000e+00,0.000000000000e+00,0.000000000000e+00,0.000000000000e+00,0.000000000000e+00,0.000000000000e+00,0.000000000000e+00
140,7.000000000000e-02,-2.003999927482e-01,2.361920824189e+00,1.053814252389e-04,2.362026205614e+00,1.748337160205e-02,-1.000672531083e+00,1.002364488797e+00,6.778274412281e-02,7.439772617049e-03,0.000000000000e+00,0.000000000000e+00,0.000000000000e+00,0,0.000000000000e+00,0.000000000000e+00,0.000000000000e+00,0.000000000000e+00,0.000000000000e+00,0.000000000000e+00,0.000000000000e+00,0.000000000000e+00,0.000000000000e+00,0.000000000000e+00,0.000000000000e+00,0.000000000000e+00
150,7.500000000000e-02,-2.003999927482e-01,2.361892366866e+00,5.934794833082e-05,2.361951714815e+00,1.972058834821e-02,-1.000662848304e+00,1.002273231517e+00,6.056292744477e-02,6.647332076074e-03,0.000000000000e+00,0.000000000000e+00,0.000000000000e+00,0,0.000000000000e+00,0.000000000000e+00,0.000000000000e+00,0.000000000000e+00,0.000000000000e+00,0.000000000000e+00,0.000000000000e+00,0.000000000000e+00,0.000000000000e+00,0.000000000000e+00,0.000000000000e+00,0.000000000000e+00
160,8.000000000000e-02,-2.003999927482e-01,2.361884900551e+00,3.255255678350e-05,2.361917453108e+00,2.319565673444e-02,-1.000646791210e+00,1.002165276234e+00,5.097174367146e-02,5.594612430018e-03,0.000000000000e+00,0.000000000000e+00,0.000000000000e+00,0,0.000000000000e+00,0.000000000000e+00,0.000000000000e+00,0.000000000000e+00,0.000000000000e+00,0.000000000000e+00,0.000000000000e+00,0.000000000000e+00,0.000000000000e+00,0.000000000000e+00,0.000000000000e+00,0.000000000000e+00
170,8.500000000000e-02,-2.003999927482e-01,2.361889812154e+00,1.731955098352e-05,2.361907131705e+00,2.685070982544e-02,-1.000625654806e+00,1.002043928463e+00,4.497239434078e-02,4.936129279945e-03,0.000000000000e+00,0.000000000000e+00,0.000000000000e+00,0,0.000000000000e+00,0.000000000000e+00,0.000000000000e+00,0.000000000000e+00,0.000000000000e+00,0.000000000000e+00,0.000000000000e+00,0.000000000000e+00,0.000000000000e+00,0.000000000000e+00,0.000000000000e+00,0.000000000000e+00
180,9.000000000000e-02,-2.003999927482e-01,2.361906904862e+00,9.699681910797e-06,2.361916604544e+00,3.085334605225e-02,-1.000601693602e+00,1.001923561295e+00,3.652963395984e-02,4.009459545527e-03,0.000000000000e+00,0.000000000000e+00,0.000000000000e+00,0,0.000000000000e+00,0.000000000000e+00,0.000000000000e+00,0.000000000000e+00,0.000000000000e+00,0.000000000000e+00,0.000000000000e+00,0.000000000000e+00,0.000000000000e+00,0.000000000000e+00,0.000000000000e+00,0.000000000000e+00
190,9.500000000000e-02,-2.003999927482e-01,2.361928903380e+00,7.440459084345e-06,2.361936343839e+00,3.510280706375e-02,-1.000575738662e+00,1.001811756197e+00,3.307645986476e-02,3.630442283730e-03,0.000000000000e+00,0.000000000000e+00,0.000000000000e+00,0,0.000000000000e+00,0.000000000000e+00,0.000000000000e+00,0.000000000000e+00,0.000000000000e+00,0.000000000000e+00,0.000000000000e+00,0.000000000000e+00,0.000000000000e+00,0.000000000000e+00,0.000000000000e+00,0.000000000000e+00
200,1.000000000000e-01,-2.003999927482e-01,2.361952531515e+00,6.711352109799e-06,2.361959242867e+00,3.971414846761e-02,-1.000549856718e+00,1.001703219757e+00,3.552367810594e-02,3.899046741905e-03,0.000000000000e+00,0.000000000000e+00,0.000000000000e+00,0,0.000000000000e+00,0.000000000000e+00,0.000000000000e+00,0.000000000000e+00,0.000000000000e+00,0.000000000000e+00,0.000000000000e+00,0.000000000000e+00,0.000000000000e+00,0.000000000000e+00,0.000000000000e+00,0.000000000000e+00
210,1.050000000000e-01,-2.003999927482e-01,2.361977080849e+00,6.802305720619e-06,2.361983883155e+00,4.459242222982e-02,-1.000525338559e+00,1.001601011051e+00,3.775392376680e-02,4.143836486134e-03,0.000000000000e+00,0.000000000000e+00,0.000000000000e+00,0,0.000000000000e+00,0.000000000000e+00,0.000000000000e+00,0.000000000000e+00,0.000000000000e+00,0.000000000000e+00,0.000000000000e+00,0.000000000000e+00,0.000000000000e+00,0.000000000000e+00,0.000000000000e+00,0.000000000000e+00
220,1.100000000000e-01,-2.003999927482e-01,2.362003706304e+00,8.219549703003e-06,2.362011925853e+00,4.969071224788e-02,-1.000502935423e+00,1.001506560274e+00,4.017647134723e-02,4.409733114924e-03,0.000000000000e+00,0.000000000000e+00,0.000000000000e+00,0,0.000000000000e+00,0.000000000000e+00,0.000000000000e+00,0.000000000000e+00,0.000000000000e+00,0.000000000000e+00,0.000000000000e+00,0.000000000000e+00,0.000000000000e+00,0.000000000000e+00,0.000000000000e+00,0.000000000000e+00
230,1.150000000000e-01,-2.003999927482e-01,2.362033830658e+00,1.085796841568e-05,2.362044688626e+00,5.497324989065e-02,-1.000483192133e+00,1.001420303242e+00,4.218754371088e-02,4.630466596514e-03,0.000000000000e+00,0.000000000000e+00,0.000000000000e+00,0,0.000000000000e+00,0.000000000000e+00,0.000000000000e+00,0.000000000000e+00,0.000000000000e+00,0.000000000000e+00,0.000000000000e+00,0.000000000000e+00,0.000000000000e+00,0.000000000000e+00,0.000000000000e+00,0.000000000000e+00
240,1.200000000000e-01,-2.003999927482e-01,2.362068096115e+00,1.401531019426e-05,2.362082111425e+00,6.042335337599e-02,-1.000466480131e+00,1.001345342359e+00,4.347676824476e-02,4.771970713949e-03,0.000000000000e+00,0.000000000000e+00,0.000000000000e+00,0,0.000000000000e+00,0.000000000000e+00,0.000000000000e+00,0.000000000000e+00,0.000000000000e+00,0.000000000000e+00,0.000000000000e+00,0.000000000000e+00,0.000000000000e+00,0.000000000000e+00,0.000000000000e+00,0.000000000000e+00
250,1.250000000000e-01,-2.003999927482e-01,2.362105865656e+00,1.689329034580e-05,2.362122758946e+00,6.610750858903e-02,-1.000452640333e+00,1.001278206600e+00,5.014369049867e-02,5.503726063581e-03,0.000000000000e+00,0.000000000000e+00,0.000000000000e+00,0,0.000000000000e+00,0.000000000000e+00,0.000000000000e+00,0.000000000000e+00,0.000000000000e+00,0.000000000000e+00,0.000000000000e+00,0.000000000000e+00,0.000000000000e+00,0.000000000000e+00,0.000000000000e+00,0.000000000000e+00
260,1.300000000000e-01,-2.003999927482e-01,2.362145316173e+00,1.898356533586e-05,2.362164299738e+00,7.215369705897e-02,-1.000441911298e+00,1.001219483643e+00,5.531311617842e-02,6.071117545230e-03,0.000000000000e+00,0.000000000000e+00,0.000000000000e+00,0,0.000000000000e+00,0.000000000000e+00,0.000000000000e+00,0.000000000000e+00,0.000000000000e+00,0.000000000000e+00,0.000000000000e+00,0.000000000000e+00,0.000000000000e+00,0.000000000000e+00,0.000000000000e+00,0.000000000000e+00
270,1.350000000000e-01,-2.003999927482e-01,2.362184452006e+00,2.034344279213e-05,2.362204795448e+00,7.858896579991e-02,-1.000434412936e+00,1.001169650056e+00,5.946439062329e-02,6.526757669284e-03,0.000000000000e+00,0.000000000000e+00,0.000000000000e+00,0,0.000000000000e+00,0.000000000000e+00,0.000000000000e+00,0.000000000000e+00,0.000000000000e+00,0.000000000000e+00,0.000000000000e+00,0.000000000000e+00,0.000000000000e+00,0.000000000000e+00,0.000000000000e+00,0.000000000000e+00
280,1.400000000000e-01,-2.003999927482e-01,2.362222027017e+00,2.135735844445e-05,2.362243384376e+00,8.532606481691e-02,-1.000430033177e+00,1.001128548488e+00,6.360027577640e-02,6.980708678608e-03,0.000000000000e+00,0.000000000000e+00,0.000000000000e+00,0,0.000000000000e+00,0.000000000000e+00,0.000000000000e+00,0.000000000000e+00,0.000000000000e+00,0.000000000000e+00,0.000000000000e+00,0.000000000000e+00,0.000000000000e+00,0.000000000000e+00,0.000000000000e+00,0.000000000000e+00
290,1.450000000000e-01,-2.003999927482e-01,2.362257341865e+00,2.221204972469e-05,2.362279553915e+00,9.226146683374e-02,-1.000428375447e+00,1.001095211748e+00,6.716999313583e-02,7.372517623569e-03,0.000000000000e+00,0.000000000000e+00,0.000000000000e+00,0,0.000000000000e+00,0.000000000000e+00,0.000000000000e+00,0.000000000000e+00,0.000000000000e+00,0.000000000000e+00,0.000000000000e+00,0.000000000000e+00,0.000000000000e+00,0.000000000000e+00,0.000000000000e+00,0.000000000000e+00
300,1.500000000000e-01,-2.003999927482e-01,2.362289883363e+00,2.290591521238e-05,2.362312789278e+00,9.923772953013e-02,-1.000428821482e+00,1.001067452637e+00,7.107402745495e-02,7.801020895298e-03,0.000000000000e+00,0.000000000000e+00,0.000000000000e+00,0,0.000000000000e+00,0.000000000000e+00,0.000000000000e+00,0.000000000000e+00,0.000000000000e+00,0.000000000000e+00,0.000000000000e+00,0.000000000000e+00,0.000000000000e+00,0.000000000000e+00,0.000000000000e+00,0.000000000000e+00
310,1.550000000000e-01,-2.003999927482e-01,2.362319729732e+00,2.366299308835e-05,2.362343392725e+00,1.060902355685e-01,-1.000430653002e+00,1.001043899030e+00,7.527625320357e-02,8.262253388315e-03,0.000000000000e+00,0.000000000000e+00,0.000000000000e+00,0,0.000000000000e+00,0.000000000000e+00,0.000000000000e+00,0.000000000000e+00,0.000000000000e+00,0.000000000000e+00,0.000000000000e+00,0.000000000000e+00,0.000000000000e+00,0.000000000000e+00,0.000000000000e+00,0.000000000000e+00
320,1.600000000000e-01,-2.003999927482e-01,2.362347940680e+00,2.482209278578e-05,2.362372762773e+00,1.129032500037e-01,-1.000433158507e+00,1.001023222272e+00,8.100164012445e-02,8.890666672362e-03,0.000000000000e+00,0.000000000000e+00,0.000000000000e+00,0,0.000000000000e+00,0.000000000000e+00,0.000000000000e+00,0.000000000000e+00,0.000000000000e+00,0.000000000000e+00,0.000000000000e+00,0.000000000000e+00,0.000000000000e+00,0.000000000000e+00,0.000000000000e+00,0.000000000000e+00
330,1.650000000000e-01,-2.003999927482e-01,2.362376199325e+00,2.642973981885e-05,2.362402629065e+00,1.198529293142e-01,-1.000436395020e+00,1.001004116124e+00,8.810214620764e-02,9.670011790482e-03,0.000000000000e+00,0.000000000000e+00,0.000000000000e+00,0,0.000000000000e+00,0.000000000000e+00,0.000000000000e+00,0.000000000000e+00,0.000000000000e+00,0.000000000000e+00,0.000000000000e+00,0.000000000000e+00,0.000000000000e+00,0.000000000000e+00,0.000000000000e+00,0.000000000000e+00
340,1.700000000000e-01,-2.003999927482e-01,2.362406054675e+00,2.827494714280e-05,2.362434329623e+00,1.269102032790e-01,-1.000439620281e+00,1.000985340153e+00,9.495207784371e-02,1.042185408418e-02,0.000000000000e+00,0.000000000000e+00,0.000000000000e+00,0,0.000000000000e+00,0.000000000000e+00,0.000000000000e+00,0.000000000000e+00,0.000000000000e+00,0.000000000000e+00,0.000000000000e+00,0.000000000000e+00,0.000000000000e+00,0.000000000000e+00,0.000000000000e+00,0.000000000000e+00
350,1.750000000000e-01,-2.003999927482e-01,2.362438115164e+00,3.016516309283e-05,2.362468280327e+00,1.342399157656e-01,-1.000442363674e+00,1.000965819202e+00,1.015466131399e-01,1.114566430689e-02,0.000000000000e+00,0.000000000000e+00,0.000000000000e+00,0,0.000000000000e+00,0.000000000000e+00,0.000000000000e+00,0.000000000000e+00,0.000000000000e+00,0.000000000000e+00,0.000000000000e+00,0.000000000000e+00,0.000000000000e+00,0.000000000000e+00,0.000000000000e+00,0.000000000000e+00
360,1.800000000000e-01,-2.003999927482e-01,2.362471561560e+00,3.195702833242e-05,2.362503518588e+00,1.421020529079e-01,-1.000444333118e+00,1.000944818438e+00,1.089103693012e-01,1.195390351520e-02,0.000000000000e+00,0.000000000000e+00,0.000000000000e+00,0,0.000000000000e+00,0.000000000000e+00,0.000000000000e+00,0.000000000000e+00,0.000000000000e+00,0.000000000000e+00,0.000000000000e+00,0.000000000000e+00,0.000000000000e+00,0.000000000000e+00,0.000000000000e+00,0.000000000000e+00
370,1.850000000000e-01,-2.003999927482e-01,2.362504542546e+00,3.359398734560e-05,2.362538136533e+00,1.501304307411e-01,-1.000445221763e+00,1.000922078357e+00,1.160795216668e-01,1.274078318712e-02,0.000000000000e+00,0.000000000000e+00,0.000000000000e+00,0,0.000000000000e+00,0.000000000000e+00,0.000000000000e+00,0.000000000000e+00,0.000000000000e+00,0.000000000000e+00,0.000000000000e+00,0.000000000000e+00,0.000000000000e+00,0.000000000000e+00,0.000000000000e+00,0.000000000000e+00
380,1.900000000000e-01,-2.003999927482e-01,2.362535185999e+00,3.518379279076e-05,2.362570369792e+00,1.579895751966e-01,-1.000445648213e+00,1.000898053402e+00,1.221826566797e-01,1.341065775970e-02,0.000000000000e+00,0.000000000000e+00,0.000000000000e+00,0,0.000000000000e+00,0.000000000000e+00,0.000000000000e+00,0.000000000000e+00,0.000000000000e+00,0.000000000000e+00,0.000000000000e+00,0.000000000000e+00,0.000000000000e+00,0.000000000000e+00,0.000000000000e+00,0.000000000000e+00
390,1.950000000000e-01,-2.003999927482e-01,2.362562177865e+00,3.687821147204e-05,2.362599056076e+00,1.662068630337e-01,-1.000448474995e+00,1.000877176341e+00,1.290169091733e-01,1.416077912491e-02,0.000000000000e+00,0.000000000000e+00,0.000000000000e+00,0,0.000000000000e+00,0.000000000000e+00,0.000000000000e+00,0.000000000000e+00,0.000000000000e+00,0.000000000000e+00,0.000000000000e+00,0.000000000000e+00,0.000000000000e+00,0.000000000000e+00,0.000000000000e+00,0.000000000000e+00
400,2.000000000000e-01,-2.003999927482e-01,2.362584541916e+00,3.869340259906e-05,2.362623235318e+00,1.746169794271e-01,-1.000450294533e+00,1.000856028420e+00,1.366184154160e-01,1.499511356688e-02,0.000000000000e+00,0.000000000000e+00,0.000000000000e+00,0,0.000000000000e+00,0.000000000000e+00,0.000000000000e+00,0.000000000000e+00,0.000000000000e+00,0.000000000000e+00,0.000000000000e+00,0.000000000000e+00,0.000000000000e+00,0.000000000000e+00,0.000000000000e+00,0.000000000000e+00
410,2.050000000000e-01,-2.003999927482e-01,2.362601683376e+00,4.054151186154e-05,2.362642224888e+00,1.828441398906e-01,-1.000450846431e+00,1.000835291870e+00,1.426755437963e-01,1.565993849312e-02,0.000000000000e+00,0.000000000000e+00,0.000000000000e+00,0,0.000000000000e+00,0.000000000000e+00,0.000000000000e+00,0.000000000000e+00,0.000000000000e+00,0.000000000000e+00,0.000000000000e+00,0.000000000000e+00,0.000000000000e+00,0.000000000000e+00,0.000000000000e+00,0.000000000000e+00
420,2.100000000000e-01,-2.003999927482e-01,2.362613659994e+00,4.255034301243e-05,2.362656210337e+00,1.917150028067e-01,-1.000450317390e+00,1.000821049061e+00,1.500099564001e-01,1.646495697914e-02,0.000000000000e+00,0.000000000000e+00,0.000000000000e+00,0,0.000000000000e+00,0.000000000000e+00,0.000000000000e+00,0.000000000000e+00,0.000000000000e+00,0.000000000000e+00,0.000000000000e+00,0.000000000000e+00,0.000000000000e+00,0.000000000000e+00,0.000000000000e+00,0.000000000000e+00
430,2.150000000000e-01,-2.003999927482e-01,2.362621248440e+00,4.484247833821e-05,2.362666090918e+00,1.992666396929e-01,-1.000450834402e+00,1.000814111211e+00,1.571619917680e-01,1.724995790489e-02,0.000000000000e+00,0.000000000000e+00,0.000000000000e+00,0,0.000000000000e+00,0.000000000000e+00,0.000000000000e+00,0.000000000000e+00,0.000000000000e+00,0.000000000000e+00,0.000000000000e+00,0.000000000000e+00,0.000000000000e+00,0.000000000000e+00,0.000000000000e+00,0.000000000000e+00
440,2.200000000000e-01,-2.003999927482e-01,2.362625024537e+00,4.762064160721e-05,2.362672645179e+00,2.063003315163e-01,-1.000452020560e+00,1.000805817866e+00,1.632078395474e-01,1.791354468258e-02,0.000000000000e+00,0.000000000000e+00,0.000000000000e+00,0,0.000000000000e+00,0.000000000000e+00,0.000000000000e+00,0.000000000000e+00,0.000000000000e+00,0.000000000000e+00,0.000000000000e+00,0.000000000000e+00,0.000000000000e+00,0.000000000000e+00,0.000000000000e+00,0.000000000000e+00
450,2.250000000000e-01,-2.003999927482e-01,2.362624961823e+00,5.129957868299e-05,2.362676261402e+00,2.150930316784e-01,-1.000453152416e+00,1.000798633633e+00,1.720619646039e-01,1.888536543131e-02,0.000000000000e+00,0.000000000000e+00,0.000000000000e+00,0,0.000000000000e+00,0.000000000000e+00,0.000000000000e+00,0.000000000000e+00,0.000000000000e+00,0.000000000000e+00,0.000000000000e+00,0.000000000000e+00,0.000000000000e+00,0.000000000000e+00,0.000000000000e+00,0.000000000000e+00
460,2.300000000000e-01,-2.003999927482e-01,2.362621435121e+00,5.571900979637e-05,2.362677154131e+00,2.239859017170e-01,-1.000452099672e+00,1.000787699547e+00,1.785893490858e-01,1.960180524144e-02,0.000000000000e+00,0.000000000000e+00,0.000000000000e+00,0,0.000000000000e+00,0.000000000000e+00,0.000000000000e+00,0.000000000000e+00,0.000000000000e+00,0.000000000000e+00,0.000000000000e+00,0.000000000000e+00,0.000000000000e+00,0.000000000000e+00,0.000000000000e+00,0.000000000000e+00
470,2.350000000000e-01,-2.003999927482e-01,2.362616819959e+00,5.958418347817e-05,2.362676404142e+00,2.345540555189e-01,-1.000451647654e+00,1.000774415628e+00,1.878226464772e-01,2.061524360227e-02,0.000000000000e+00,0.000000000000e+00,0.000000000000e+00,0,0.000000000000e+00,0.000000000000e+00,0.000000000000e+00,0.000000000000e+00,0.000000000000e+00,0.000000000000e+00,0.000000000000e+00,0.000000000000e+00,0.000000000000e+00,0.000000000000e+00,0.000000000000e+00,0.000000000000e+00
480,2.400000000000e-01,-2.003999927482e-01,2.362613703994e+00,6.195959770327e-05,2.362675663592e+00,2.431107281426e-01,-1.000450365372e+00,1.000758607864e+00,1.939708034619e-01,2.129005974570e-02,0.000000000000e+00,0.000000000000e+00,0.000000000000e+00,0,0.000000000000e+00,0.000000000000e+00,0.000000000000e+00,0.000000000000e+00,0.000000000000e+00,0.000000000000e+00,0.000000000000e+00,0.000000000000e+00,0.000000000000e+00,0.000000000000e+00,0.000000000000e+00,0.000000000000e+00
490,2.450000000000e-01,-2.003999927482e-01,2.362611654316e+00,6.389464850050e-05,2.362675548964e+00,2.540238346226e-01,-1.000447516842e+00,1.000739991250e+00,2.019712601519e-01,2.216818262752e-02,0.000000000000e+00,0.000000000000e+00,0.000000000000e+00,0,0.000000000000e+00,0.000000000000e+00,0.000000000000e+00,0.000000000000e+00,0.000000000000e+00,0.000000000000e+00,0.000000000000e+00,0.000000000000e+00,0.000000000000e+00,0.000000000000e+00,0.000000000000e+00,0.000000000000e+00
500,2.500000000000e-01,-2.003999927482e-01,2.362609605080e+00,6.574136803505e-05,2.362675346448e+00,2.653738153992e-01,-1.000450310074e+00,1.000720758928e+00,2.082415776798e-01,2.285640700156e-02,0.000000000000e+00,0.000000000000e+00,0.000000000000e+00,0,0.000000000000e+00,0.000000000000e+00,0.000000000000e+00,0.000000000000e+00,0.000000000000e+00,0.000000000000e+00,0.000000000000e+00,0.000000000000e+00,0.000000000000e+00,0.000000000000e+00,0.000000000000e+00,0.000000000000e+00
510,2.550000000000e-01,-2.003999927482e-01,2.362606386067e+00,6.736386052186e-05,2.362673749927e+00,2.773331315440e-01,-1.000451072298e+00,1.000699684249e+00,2.148971563530e-01,2.358691729004e-02,0.000000000000e+00,0.000000000000e+00,0.000000000000e+00,0,0.000000000000e+00,0.000000000000e+00,0.000000000000e+00,0.000000000000e+00,0.000000000000e+00,0.000000000000e+00,0.000000000000e+00,0.000000000000e+00,0.000000000000e+00,0.000000000000e+00,0.000000000000e+00,0.000000000000e+00
520,2.600000000000e-01,-2.003999927482e-01,2.362601903301e+00,6.823637797802e-05,2.362670139679e+00,2.864754178342e-01,-1.000449319236e+00,1.000679272766e+00,2.203057731425e-01,2.418056217130e-02,0.000000000000e+00,0.000000000000e+00,0.000000000000e+00,0,0.000000000000e+00,0.000000000000e+00,0.000000000000e+00,0.000000000000e+00,0.000000000000e+00,0.000000000000e+00,0.000000000000e+00,0.000000000000e+00,0.000000000000e+00,0.000000000000e+00,0.000000000000e+00,0.000000000000e+00
530,2.650000000000e-01,-2.003999927482e-01,2.362597010601e+00,6.822265618445e-05,2.362665233258e+00,2.957407093602e-01,-1.000453941133e+00,1.000662723382e+00,2.259281545103e-01,2.479766965912e-02,0.000000000000e+00,0.000000000000e+00,0.000000000000e+00,0,0.000000000000e+00,0.000000000000e+00,0.000000000000e+00,0.000000000000e+00,0.000000000000e+00,0.000000000000e+00,0.000000000000e+00,0.000000000000e+00,0.000000000000e+00,0.000000000000e+00,0.000000000000e+00,0.000000000000e+00
540,2.700000000000e-01,-2.003999927482e-01,2.362591331709e+00,6.804561206567e-05,2.362659377321e+00,3.046152106328e-01,-1.000465225819e+00,1.000646780071e+00,2.300147513950e-01,2.524621083274e-02,0.000000000000e+00,0.000000000000e+00,0.000000000000e+00,0,0.000000000000e+00,0.000000000000e+00,0.000000000000e+00,0.000000000000e+00,0.000000000000e+00,0.000000000000e+00,0.000000000000e+00,0.000000000000e+00,0.000000000000e+00,0.000000000000e+00,0.000000000000e+00,0.000000000000e+00
550,2.750000000000e-01,-2.003999927482e-01,2.362584313519e+00,6.788428900748e-05,2.362652197808e+00,3.162593873487e-01,-1.000476589588e+00,1.000636979352e+00,2.344077760282e-01,2.572838523855e-02,0.000000000000e+00,0.000000000000e+00,0.000000000000e+00,0,0.000000000000e+00,0.000000000000e+00,0.000000000000e+00,0.000000000000e+00,0.000000000000e+00,0.000000000000e+00,0.000000000000e+00,0.000000000000e+00,0.000000000000e+00,0.000000000000e+00,0.000000000000e+00,0.000000000000e+00
560,2.800000000000e-01,-2.003999927482e-01,2.362575908179e+00,6.745723936102e-05,2.362643365418e+00,3.265331892797e-01,-1.000488024783e+00,1.000632916839e+00,2.371638856796e-01,2.603089333821e-02,0.000000000000e+00,0.000000000000e+00,0.000000000000e+00,0,0.000000000000e+00,0.000000000000e+00,0.000000000000e+00,0.000000000000e+00,0.000000000000e+00,0.000000000000e+00,0.000000000000e+00,0.000000000000e+00,0.000000000000e+00,0.000000000000e+00,0.000000000000e+00,0.000000000000e+00
570,2.850000000000e-01,-2.003999927482e-01,2.362567137288e+00,6.794881088899e-05,2.362635086099e+00,3.350018693114e-01,-1.000499434355e+00,1.000631157803e+00,2.405803782752e-01,2.640588447184e-02,0.000000000000e+00,0.000000000000e+00,0.000000000000e+00,0,0.000000000000e+00,0.000000000000e+00,0.000000000000e+00,0.000000000000e+00,0.000000000000e+00,0.000000000000e+00,0.000000000000e+00,0.000000000000e+00,0.000000000000e+00,0.000000000000e+00,0.000000000000e+00,0.000000000000e+00
580,2.900000000000e-01,-2.003999927482e-01,2.362559762087e+00,7.496215335132e-05,2.362634724240e+00,3.412463496892e-01,-1.000510767791e+00,1.000639158386e+00,2.682139490595e-01,2.943892017868e-02,0.000000000000e+00,0.000000000000e+00,0.000000000000e+00,0,0.000000000000e+00,0.000000000000e+00,0.000000000000e+00,0.000000000000e+00,0.000000000000e+00,0.000000000000e+00,0.000000000000e+00,0.000000000000e+00,0.000000000000e+00,0.000000000000e+00,0.000000000000e+00,0.000000000000e+00
590,2.950000000000e-01,-2.003999927482e-01,2.362562278694e+00,8.828053061169e-05,2.362650559225e+00,3.519455164194e-01,-1.000522099308e+00,1.000648632566e+00,2.745356300297e-01,3.013278215763e-02,0.000000000000e+00,0.000000000000e+00,0.000000000000e+00,0,0.000000000000e+00,0.000000000000e+00,0.000000000000e+00,0.000000000000e+00,0.000000000000e+00,0.000000000000e+00,0.000000000000e+00,0.000000000000e+00,0.000000000000e+00,0.000000000000e+00,0.000000000000e+00,0.000000000000e+00
600,3.000000000000e-01,-2.003999927482e-01,2.362550113575e+00,7.363342122639e-05,2.362623746996e+00,3.663706897556e-01,-1.000533195112e+00,1.000657968167e+00,2.440934186881e-01,2.679147260647e-02,0.000000000000e+00,0.000000000000e+00,0.000000000000e+00,0,0.000000000000e+00,0.000000000000e+00,0.000000000000e+00,0.000000000000e+00,0.000000000000e+00,0.000000000000e+00,0.000000000000e+00,0.000000000000e+00,0.000000000000e+00,0.000000000000e+00,0.000000000000e+00,0.000000000000e+00
610,3.050000000000e-01,-2.003999927482e-01,2.362540478816e+00,7.221443848037e-05,2.362612693254e+00,3.785222258903e-01,-1.000543974404e+00,1.000666309178e+00,2.426964061354e-01,2.663813777369e-02,0.000000000000e+00,0.000000000000e+00,0.000000000000e+00,0,0.000000000000e+00,0.000000000000e+00,0.000000000000e+00,0.000000000000e+00,0.000000000000e+00,0.000000000000e+00,0.000000000000e+00,0.000000000000e+00,0.000000000000e+00,0.000000000000e+00,0.000000000000e+00,0.000000000000e+00
620,3.100000000000e-01,-2.003999927482e-01,2.362533351585e+00,7.544466550507e-05,2.362608796250e+00,3.921889251643e-01,-1.000555653692e+00,1.000674516007e+00,2.650448543792e-01,2.909108321621e-02,0.000000000000e+00,0.000000000000e+00,0.000000000000e+00,0,0.000000000000e+00,0.000000000000e+00,0.000000000000e+00,0.000000000000e+00,0.000000000000e+00,0.000000000000e+00,0.000000000000e+00,0.000000000000e+00,0.000000000000e+00,0.000000000000e+00,0.000000000000e+00,0.000000000000e+00
630,3.150000000000e-01,-2.003999927482e-01,2.362536333587e+00,9.742400318410e-05,2.362633757590e+00,4.059577979083e-01,-1.000568265149e+00,1.000682710062e+00,3.150857164436e-01,3.458352292396e-02,0.000000000000e+00,0.000000000000e+00,0.000000000000e+00,0,0.000000000000e+00,0.000000000000e+00,0.000000000000e+00,0.000000000000e+00,0.000000000000e+00,0.000000000000e+00,0.000000000000e+00,0.000000000000e+00,0.000000000000e+00,0.000000000000e+00,0.000000000000e+00,0.000000000000e+00
640,3.200000000000e-01,-2.003999927482e-01,2.362541296520e+00,1.067626226126e-04,2.362648059143e+00,4.182728119138e-01,-1.000581529779e+00,1.000691692919e+00,3.254286252556e-01,3.571875122958e-02,0.000000000000e+00,0.000000000000e+00,0.000000000000e+00,0,0.000000000000e+00,0.000000000000e+00,0.000000000000e+00,0.000000000000e+00,0.000000000000e+00,0.000000000000e+00,0.000000000000e+00,0.000000000000e+00,0.000000000000e+00,0.000000000000e+00,0.000000000000e+00,0.000000000000e+00
650,3.250000000000e-01,-2.003999927482e-01,2.362551832636e+00,1.164452635477e-04,2.362668277899e+00,4.286045333941e-01,-1.000594500244e+00,1.000699247166e+00,3.221170528799e-01,3.535527604427e-02,0.000000000000e+00,0.000000000000e+00,0.000000000000e+00,0,0.000000000000e+00,0.000000000000e+00,0.000000000000e+00,0.000000000000e+00,0.000000000000e+00,0.000000000000e+00,0.000000000000e+00,0.000000000000e+00,0.000000000000e+00,0.000000000000e+00,0.000000000000e+00,0.000000000000e+00
660,3.300000000000e-01,-2.003999927482e-01,2.362597434666e+00,2.023929721094e-04,2.362799827638e+00,4.702725848670e-01,-1.000607150982e+00,1.000706051529e+00,3.566535857151e-01,3.914597461514e-02,0.000000000000e+00,0.000000000000e+00,0.000000000000e+00,0,0.000000000000e+00,0.000000000000e+00,0.000000000000e+00,0.000000000000e+00,0.000000000000e+00,0.000000000000e+00,0.000000000000e+00,0.000000000000e+00,0.000000000000e+00,0.000000000000e+00,0.000000000000e+00,0.000000000000e+00
670,3.350000000000e-01,-2.003999927482e-01,2.362851201923e+00,9.438367797726e-04,2.363795038703e+00,5.162464252007e-01,-1.000620243893e+00,1.000721035823e+00,5.476852209032e-01,6.011343391255e-02,0.000000000000e+00,0.000000000000e+00,0.000000000000e+00,0,0.000000000000e+00,0.000000000000e+00,0.000000000000e+00,0.000000000000e+00,0.000000000000e+00,0.000000000000e+00,0.000000000000e+00,0.000000000000e+00,0.000000000000e+00,0.000000000000e+00,0.000000000000e+00,0.000000000000e+00
680,3.400000000000e-01,-2.003999927482e-01,2.362956533112e+00,4.835397234067e-04,2.363440072836e+00,5.442836669572e-01,-1.000637895305e+00,1.000783174606e+00,4.215632694091e-01,4.627040272110e-02,0.000000000000e+00,0.000000000000e+00,0.000000000000e+00,0,0.000000000000e+00,0.000000000000e+00,0.000000000000e+00,0.000000000000e+00,0.000000000000e+00,0.000000000000e+00,0.000000000000e+00,0.000000000000e+00,0.000000000000e+00,0.000000000000e+00,0.000000000000e+00,0.000000000000e+00
690,3.450000000000e-01,-2.003999927482e-01,2.362864507622e+00,4.806119257705e-04,2.363345119548e+00,5.973082947320e-01,-1.000678605962e+00,1.000709781276e+00,4.804191183902e-01,5.273036741077e-02,0.000000000000e+00,0.000000000000e+00,0.000000000000e+00,0,0.000000000000e+00,0.000000000000e+00,0.000000000000e+00,0.000000000000e+00,0.000000000000e+00,0.000000000000e+00,0.000000000000e+00,0.000000000000e+00,0.000000000000e+00,0.000000000000e+00,0.000000000000e+00,0.000000000000e+00
700,3.500000000000e-01,-2.003999927482e-01,2.363608333373e+00,1.161728406346e-03,2.364770061779e+00,6.298487391574e-01,-1.000729721228e+00,1.000524953149e+00,5.643921156568e-01,6.194716755247e-02,0.000000000000e+00,0.000000000000e+00,0.000000000000e+00,0,0.000000000000e+00,0.000000000000e+00,0.000000000000e+00,0.000000000000e+00,0.000000000000e+00,0.000000000000e+00,0.000000000000e+00,0.000000000000e+00,0.000000000000e+00,0.000000000000e+00,0.000000000000e+00,0.000000000000e+00
710,3.550000000000e-01,-2.003999927482e-01,2.363888220073e+00,3.813689414873e-04,2.364269589015e+00,6.516347358867e-01,-1.000768400036e+00,1.000440651831e+00,3.878064420926e-01,4.256528392194e-02,0.000000000000e+00,0.000000000000e+00,0.000000000000e+00,0,0.000000000000e+00,0.000000000000e+00,0.000000000000e+00,0.000000000000e+00,0.000000000000e+00,0.000000000000e+00,0.000000000000e+00,0.000000000000e+00,0.000000000000e+00,0.000000000000e+00,0.000000000000e+00,0.000000000000e+00
720,3.600000000000e-01,-2.003999927482e-01,2.364032147949e+00,2.523478087417e-04,2.364284495758e+00,6.782403980157e-01,-1.000828780661e+00,1.000417991140e+00,3.569210287614e-01,3.917532892172e-02,0.000000000000e+00,0.000000000000e+00,0.000000000000e+00,0,0.000000000000e+00,0.000000000000e+00,0.000000000000e+00,0.000000000000e+00,0.000000000000e+00,0.000000000000e+00,0.000000000000e+00,0.000000000000e+00,0.000000000000e+00,0.000000000000e+00,0.000000000000e+00,0.000000000000e+00
730,3.650000000000e-01,-2.003999927482e-01,2.364624446876e+00,1.172780273609e-03,2.365797227150e+00,7.128596604270e-01,-1.000905851190e+00,1.000491134831e+00,6.342909746108e-01,6.961920301723e-02,0.000000000000e+00,0.000000000000e+00,0.000000000000e+00,0,0.000000000000e+00,0.000000000000e+00,0.000000000000e+00,0.000000000000e+00,0.000000000000e+00,0.000000000000e+00,0.000000000000e+00,0.000000000000e+00,0.000000000000e+00,0.000000000000e+00,0.000000000000e+00,0.000000000000e+00
740,3.700000000000e-01,-2.003999927482e-01,2.365916928947e+00,7.630583657541e-04,2.366679987312e+00,6.850427757217e-01,-1.000957235274e+00,1.000543947208e+00,4.532587711838e-01,4.974927229533e-02,0.000000000000e+00,0.000000000000e+00,0.000000000000e+00,0,0.000000000000e+00,0.000000000000e+00,0.000000000000e+00,0.000000000000e+00,0.000000000000e+00,0.000000000000e+00,0.000000000000e+00,0.000000000000e+00,0.000000000000e+00,0.000000000000e+00,0.000000000000e+00,0.000000000000e+00
750,3.750000000000e-01,-2.003999927482e-01,2.366648505676e+00,2.926972798284e-04,2.366941202956e+00,7.088269095051e-01,-1.001006809448e+00,1.000575640322e+00,4.040973374407e-01,4.435335784379e-02,0.000000000000e+00,0.000000000000e+00,0.000000000000e+00,0,0.000000000000e+00,0.000000000000e+00,0.000000000000e+00,0.000000000000e+00,0.000000000000e+00,0.000000000000e+00,0.000000000000e+00,0.000000000000e+00,0.000000000000e+00,0.000000000000e+00,0.000000000000e+00,0.000000000000e+00
760,3.800000000000e-01,-2.003999927482e-01,2.367179257770e+00,4.235808417523e-04,2.367602838612e+00,6.935249520666e-01,-1.001042890223e+00,1.000594161288e+00,4.787971910828e-01,5.255234613818e-02,0.000000000000e+00,0.000000000000e+00,0.000000000000e+00,0,0.000000000000e+00,0.000000000000e+00,0.000000000000e+00,0.000000000000e+00,0.000000000000e+00,0.000000000000e+00,0.000000000000e+00,0.000000000000e+00,0.000000000000e+00,0.000000000000e+00,0.000000000000e+00,0.000000000000e+00
770,3.850000000000e-01,-2.003999927482e-01,2.367581445748e+00,1.345079180223e-04,2.367715953666e+00,7.060047917939e-01,-1.001072654750e+00,1.000604235866e+00,3.811615905190e-01,4.183595103019e-02,0.000000000000e+00,0.000000000000e+00,0.000000000000e+00,0,0.000000000000e+00,0.000000000000e+00,0.000000000000e+00,0.000000000000e+00,0.000000000000e+00,0.000000000000e+00,0.000000000000e+00,0.000000000000e+00,0.000000000000e+00,0.000000000000e+00,0.000000000000e+00,0.000000000000e+00
780,3.900000000000e-01,-2.003999927482e-01,2.367538306560e+00,4.717772004431e-04,2.368010083761e+00,6.726426504219e-01,-1.001078011388e+00,1.000863959575e+00,5.799794262204e-01,6.365801664548e-02,0.000000000000e+00,0.000000000000e+00,0.000000000000e+00,0,0.000000000000e+00,0.000000000000e+00,0.000000000000e+00,0.000000000000e+00,0.000000000000e+00,0.000000000000e+00,0.000000000000e+00,0.000000000000e+00,0.000000000000e+00,0.000000000000e+00,0.000000000000e+00,0.000000000000e+00
790,3.950000000000e-01,-2.003999927482e-01,2.367468467252e+00,1.027028958119e-04,2.367571170148e+00,6.954523099940e-01,-1.001101518149e+00,1.001146966820e+00,3.506596502534e-01,3.848808568642e-02,0.000000000000e+00,0.000000000000e+00,0.000000000000e+00,0,0.000000000000e+00,0.000000000000e+00,0.000000000000e+00,0.000000000000e+00,0.000000000000e+00,0.000000000000e+00,0.000000000000e+00,0.000000000000e+00,0.000000000000e+00,0.000000000000e+00,0.000000000000e+00,0.000000000000e+00
800,4.000000000000e-01,-2.003999927482e-01,2.367384019566e+00,9.415696268264e-05,2.367478176529e+00,7.154772599614e-01,-1.001188490782e+00,1.001338780731e+00,3.399942953249e-01,3.731746598704e-02,0.000000000000e+00,0.000000000000e+00,0.000000000000e+00,0,0.000000000000e+00,0.000000000000e+00,0.000000000000e+00,0.000000000000e+00,0.000000000000e+00,0.000000000000e+00,0.000000000000e+00,0.000000000000e+00,0.000000000000e+00,0.000000000000e+00,0.000000000000e+00,0.000000000000e+00
810,4.050000000000e-01,-2.003999927482e-01,2.367298478737e+00,9.647436961171e-05,2.367394953107e+00,7.347656126921e-01,-1.001205704922e+00,1.001450253714e+00,3.430604041584e-01,3.765399931621e-02,0.000000000000e+00,0.000000000000e+00,0.000000000000e+00,0,0.000000000000e+00,0.000000000000e+00,0.000000000000e+00,0.000000000000e+00,0.000000000000e+00,0.000000000000e+00,0.000000000000e+00,0.000000000000e+00,0.000000000000e+00,0.000000000000e+00,0.000000000000e+00,0.000000000000e+00
820,4.100000000000e-01,-2.003999927482e-01,2.367227749307e+00,1.000721769277e-04,2.367327821483e+00,7.537748969620e-01,-1.001187345182e+00,1.001521901820e+00,3.490751029591e-01,3.831416721022e-02,0.000000000000e+00,0.000000000000e+00,0.000000000000e+00,0,0.000000000000e+00,0.000000000000e+00,0.000000000000e+00,0.000000000000e+00,0.000000000000e+00,0.000000000000e+00,0.000000000000e+00,0.000000000000e+00,0.000000000000e+00,0.000000000000e+00,0.000000000000e+00,0.000000000000e+00
830,4.150000000000e-01,-2.003999927482e-01,2.367157565206e+00,1.066727113554e-04,2.367264237917e+00,7.736933211276e-01,-1.001145754856e+00,1.001567026276e+00,3.565056800138e-01,3.912974061929e-02,0.000000000000e+00,0.000000000000e+00,0.000000000000e+00,0,0.000000000000e+00,0.000000000000e+00,0.000000000000e+00,0.000000000000e+00,0.000000000000e+00,0.000000000000e+00,0.000000000000e+00,0.000000000000e+00,0.000000000000e+00,0.000000000000e+00,0.000000000000e+00,0.000000000000e+00
840,4.200000000000e-01,-2.003999927482e-01,2.367118152825e+00,1.104013528128e-04,2.367228554178e+00,7.919285098109e-01,-1.001129754401e+00,1.001599326416e+00,3.612102270277e-01,3.964610743952e-02,0.000000000000e+00,0.000000000000e+00,0.000000000000e+00,0,0.000000000000e+00,0.000000000000e+00,0.000000000000e+00,0.000000000000e+00,0.000000000000e+00,0.000000000000e+00,0.000000000000e+00,0.000000000000e+00,0.000000000000e+00,0.000000000000e+00,0.000000000000e+00,0.000000000000e+00
850,4.250000000000e-01,-2.003999927482e-01,2.367078302403e+00,1.145361618919e-04,2.367192838565e+00,8.107544193268e-01,-1.001152633265e+00,1.001623584065e+00,3.673793420644e-01,4.032322391976e-02,0.000000000000e+00,0.000000000000e+00,0.000000000000e+00,0,0.000000000000e+00,0.000000000000e+00,0.000000000000e+00,0.000000000000e+00,0.000000000000e+00,0.000000000000e+00,0.000000000000e+00,0.000000000000e+00,0.000000000000e+00,0.000000000000e+00,0.000000000000e+00,0.000000000000e+00
860,4.300000000000e-01,-2.003999927482e-01,2.367042317555e+00,1.186836808469e-04,2.367161001236e+00,8.299921232907e-01,-1.001177433152e+00,1.001639929593e+00,3.742506137599e-01,4.107740847906e-02,0.000000000000e+00,0.000000000000e+00,0.000000000000e+00,0,0.000000000000e+00,0.000000000000e+00,0.000000000000e+00,0.000000000000e+00,0.000000000000e+00,0.000000000000e+00,0.000000000000e+00,0.000000000000e+00,0.000000000000e+00,0.000000000000e+00,0.000000000000e+00,0.000000000000e+00
870,4.350000000000e-01,-2.003999927482e-01,2.367010211568e+00,1.230849699273e-04,2.367133296538e+00,8.496880119364e-01,-1.001203824809e+00,1.001649326385e+00,3.812675224417e-01,4.184757802211e-02,0.000000000000e+00,0.000000000000e+00,0.000000000000e+00,0,0.000000000000e+00,0.000000000000e+00,0.000000000000e+00,0.000000000000e+00,0.000000000000e+00,0.000000000000e+00,0.000000000000e+00,0.000000000000e+00,0.000000000000e+00,0.000000000000e+00,0.000000000000e+00,0.000000000000e+00
880,4.400000000000e-01,-2.003999927482e-01,2.366946797152e+00,1.313952581238e-04,2.367078192410e+00,8.717710136166e-01,-1.001233671204e+00,1.001653478818e+00,3.913847826149e-01,4.295803933745e-02,0.000000000000e+00,0.000000000000e+00,0.000000000000e+00,0,0.000000000000e+00,0.000000000000e+00,0.000000000000e+00,0.000000000000e+00,0.000000000000e+00,0.000000000000e+00,0.000000000000e+00,0.000000000000e+00,0.000000000000e+00,0.000000000000e+00,0.000000000000e+00,0.000000000000e+00
